Date,Open,High,Low,Close,Adj Close,Volume
2019-01-02,22,23.08,22,22.530001,22.530001,54890
2019-01-03,22.5,23.049999,22.5,22.77,22.77,88098
2019-01-04,23.43,23.84,22.780001,23.16,23.16,69569
2019-01-07,23.18,24.5,23.1,23.27,23.27,160120
2019-01-08,23.219999,23.870001,22.82,23.23,23.23,190421
2019-01-09,23.280001,23.68,22.83,22.969999,22.969999,208973
2019-01-10,23.4,23.65,22.450001,22.66,22.66,265779
2019-01-11,23.01,23.08,22.030001,22.42,22.42,148725
2019-01-14,22.4,22.93,22.040001,22.75,22.75,195290
2019-01-15,22.209999,22.92,22.139999,22.559999,22.559999,235479
2019-01-16,22.6,23.389999,22.6,23.200001,23.200001,273233
2019-01-17,23.120001,25.379999,23,23.459999,23.459999,368978
2019-01-18,23.58,25.17,23.58,24.32,24.32,100723
2019-01-21,24,24.5,24,24.5,24.5,60746
2019-01-22,24.450001,25,24.049999,24.42,24.42,182291
2019-01-23,24.360001,24.950001,24.26,24.719999,24.719999,643122
2019-01-24,24.780001,25,23.969999,25,25,137743
2019-01-25,25,26.200001,25,25.77,25.77,116003
2019-01-28,25.25,26.42,25,25.16,25.16,172319
2019-01-29,25.49,26.120001,24.299999,25.49,25.49,232060
2019-01-30,25.15,25.49,24.51,24.889999,24.889999,115559
2019-01-31,24.860001,25.799999,23.940001,24.32,24.32,181390
2019-02-01,24.32,25,24,24.540001,24.540001,168474
2019-02-05,24.52,25.4,24.51,24.940001,24.940001,78886
2019-02-06,25,25.700001,24.309999,24.74,24.74,173707
2019-02-07,24.299999,25.389999,23.9,24.41,24.41,86925
2019-02-08,24.09,24.700001,23.969999,24.379999,24.379999,53461
2019-02-11,24.65,24.65,23.549999,24.129999,24.129999,43026
2019-02-12,23.91,24.129999,23.01,23.450001,23.450001,85482
2019-02-13,23.299999,23.700001,22.049999,22.76,22.76,209046
2019-02-14,22.459999,22.889999,21.530001,22.639999,22.639999,80533
2019-02-15,22.459999,22.6,21.950001,22.35,22.35,63690
2019-02-18,22.629999,23.16,21.66,22.309999,22.309999,233779
2019-02-19,22.299999,22.379999,21.85,22.23,22.23,42754
2019-02-20,22.299999,22.299999,21.799999,21.9,21.9,66373
2019-02-21,21.73,22,21.299999,21.379999,21.379999,92300
2019-02-22,21.719999,21.9,21.33,21.49,21.49,287838
2019-02-25,21.76,22.370001,21.299999,21.379999,21.379999,146755
2019-02-26,21.33,21.52,21.1,21.26,21.26,135003
2019-02-27,21.1,21.709999,21.01,21.18,21.18,52327
2019-02-28,21.1,21.200001,20.639999,20.82,20.82,467959
2019-03-01,20.77,21.049999,19.719999,20.35,20.35,305776
2019-03-04,20.1,20.200001,19.540001,19.639999,19.639999,163896
2019-03-05,19.82,19.950001,19.6,19.799999,19.799999,69556
2019-03-06,19.940001,19.940001,19.1,19.33,19.33,172170
2019-03-07,19.1,19.389999,19.1,19.129999,19.129999,116420
2019-03-08,19.1,19.42,18.41,19.09,19.09,127518
2019-03-11,19.6,19.75,19.1,19.57,19.57,77087
2019-03-12,19.700001,20.41,19.629999,20.02,20.02,210770
2019-03-13,20.01,20.25,19.51,19.809999,19.809999,53149
2019-03-14,19.879999,19.9,19.209999,19.389999,19.389999,56841
2019-03-15,19.780001,20.08,19.370001,19.6,19.6,83381
2019-03-19,19.799999,20.15,19.41,19.9,19.9,107601
2019-03-20,20.08,21.370001,19.559999,20,20,230969
2019-03-21,19.809999,20.49,19.73,19.99,19.99,226892
2019-03-22,20.42,20.450001,20,20.23,20.23,310716
2019-03-25,20.16,20.360001,19.25,20.059999,20.059999,76830
2019-03-26,19.82,20.120001,19.549999,19.84,19.84,59959
2019-03-27,19.610001,20.25,19.559999,20.190001,20.190001,106919
2019-03-28,19.91,20.41,19.799999,20.379999,20.379999,92542
2019-03-29,20.379999,21.879999,19.959999,20.48,20.48,209014
2019-04-01,20.5,21,20.1,20.59,20.59,93345
2019-04-02,20.57,20.57,19.959999,20.23,20.23,26017
2019-04-03,20.360001,20.58,20,20.190001,20.190001,110945
2019-04-04,20.23,20.379999,20.07,20.290001,20.290001,36620
2019-04-05,20.190001,21.6,20,21.4,21.4,278699
2019-04-08,21.120001,21.129999,20.889999,20.91,20.91,31946
2019-04-09,20.700001,20.9,20.700001,20.719999,20.719999,59302
2019-04-10,20.700001,20.84,20.01,20.16,20.16,65006
2019-04-11,20.15,20.5,19.690001,19.809999,19.809999,53251
2019-04-12,19.879999,20.110001,19.25,19.32,19.32,44566
2019-04-15,19.540001,19.690001,19.01,19.57,19.57,40424
2019-04-16,19.68,20.799999,19.57,20.379999,20.379999,39602
2019-04-17,20.42,21.48,20.23,20.85,20.85,62149
2019-04-22,20.860001,20.860001,20.6,20.799999,20.799999,28595
2019-04-23,20.799999,21.360001,20.030001,21.33,21.33,44252
2019-04-24,21.139999,21.299999,20.559999,21.030001,21.030001,66828
2019-04-25,20.559999,21.1,20.559999,20.98,20.98,64326
2019-04-26,21.1,21.450001,19.889999,20.219999,20.219999,193578
2019-04-29,19.82,19.940001,19.219999,19.58,19.58,270658
2019-04-30,19.6,19.6,19.120001,19.43,19.43,149213
2019-05-02,19.34,19.549999,19.129999,19.389999,19.389999,49983
2019-05-03,19.530001,19.99,19.52,19.959999,19.959999,125124
2019-05-06,19.66,20,19.33,20,20,75515
2019-05-07,20,20,19.25,19.52,19.52,147664
2019-05-08,19.610001,19.610001,18.26,18.83,18.83,253485
2019-05-09,18.9,18.9,17.66,18.83,18.83,233824
2019-05-10,19,19,17.860001,18.57,18.57,134073
2019-05-13,18.290001,18.5,17.559999,18.07,18.07,162777
2019-05-14,18.07,19.23,17.549999,18.92,18.92,95762
2019-05-15,19.139999,19.75,19,19.34,19.34,312364
2019-05-16,19.110001,19.75,18.77,19.24,19.24,118532
2019-05-17,19.700001,19.700001,18.549999,19.040001,19.040001,68729
2019-05-20,19.66,19.700001,19.01,19.59,19.59,67869
2019-05-21,19.690001,19.690001,19.02,19.610001,19.610001,178342
2019-05-22,19.549999,19.549999,19.110001,19.16,19.16,63253
2019-05-23,19.059999,19.42,18.77,18.780001,18.780001,72594
2019-05-24,18.77,19.049999,18.02,18.559999,18.559999,97763
2019-05-27,18.549999,18.98,18.299999,18.889999,18.889999,38059
2019-05-28,18.98,19.450001,17.5,17.82,17.82,701464
2019-05-29,17.969999,18.379999,17.75,17.809999,17.809999,161808
2019-05-30,18.18,18.32,17.870001,18.280001,18.280001,225714
2019-05-31,17.91,18.27,17.809999,17.889999,17.889999,113344
2019-06-03,17.84,18.450001,17.809999,18.25,18.25,39400
2019-06-04,18.49,18.5,18.07,18.33,18.33,36354
2019-06-05,18.469999,18.5,17.83,18.469999,18.469999,46587
2019-06-06,18.450001,18.450001,18.02,18.219999,18.219999,35257
2019-06-07,18.299999,18.51,18.139999,18.33,18.33,31745
2019-06-10,18.32,18.5,18.32,18.49,18.49,1327003
2019-06-11,18.450001,18.799999,18.120001,18.34,18.34,182470
2019-06-12,18.110001,18.379999,17.85,18.07,18.07,127311
2019-06-13,17.99,18.26,17.700001,18.17,18.17,158139
2019-06-14,17.9,18.25,17.639999,17.82,17.82,143177
2019-06-17,18.08,18.129999,17.73,17.780001,17.780001,56991
2019-06-18,18.120001,18.24,17.85,17.940001,17.940001,58967
2019-06-19,18.120001,18.200001,17.77,18.129999,18.129999,98776
2019-06-20,18.200001,18.200001,17.950001,18.18,18.18,156119
2019-06-21,18.200001,19.4,18.200001,18.860001,18.860001,363308
2019-06-24,18.860001,19.02,18.389999,18.52,18.52,65551
2019-06-25,18.49,18.709999,18.01,18.030001,18.030001,60087
2019-06-26,18.209999,18.65,18.129999,18.4,18.4,71360
2019-06-27,18.48,18.790001,18.02,18.09,18.09,75832
2019-06-28,18.23,18.5,17.780001,18.16,18.16,135348
2019-07-01,18.43,18.43,18.01,18.33,18.33,24103
2019-07-02,18.389999,18.4,18.110001,18.4,18.4,36142
2019-07-03,18.4,18.450001,18.1,18.190001,18.190001,43908
2019-07-04,18.299999,18.4,18.299999,18.389999,18.389999,36884
2019-07-05,18.1,18.389999,18.030001,18.059999,18.059999,43422
2019-07-08,18.26,18.440001,18.139999,18.4,18.4,53081
2019-07-09,18.4,18.4,17.75,18.07,18.07,112901
2019-07-10,18.030001,18.34,18.030001,18.09,18.09,44876
2019-07-11,18.08,18.34,17.860001,18.23,18.23,1246571
2019-07-12,18.280001,18.280001,17.719999,17.780001,17.780001,334348
2019-07-15,17.780001,18.01,17.76,17.99,17.99,35433
2019-07-16,17.780001,17.99,17.67,17.790001,17.790001,114448
2019-07-17,17.65,18,16.75,17.440001,17.440001,565132
2019-07-18,17.190001,17.620001,16.66,17.35,17.35,305205
2019-07-19,17.639999,17.66,16.790001,16.879999,16.879999,140431
2019-07-22,16.879999,17.23,16.68,16.9,16.9,100830
2019-07-23,16.84,16.860001,15.58,16.139999,16.139999,256892
2019-07-24,16.15,16.5,15.85,16.09,16.09,752911
2019-07-25,15.91,16.280001,15.38,15.78,15.78,156490
2019-07-26,15.68,16.07,15.33,16,16,150939
2019-07-29,15.85,16.200001,15.71,15.8,15.8,243746
2019-07-30,15.5,15.8,15.11,15.26,15.26,91007
2019-07-31,15.3,15.4,14.81,15.08,15.08,167788
2019-08-01,15.03,15.47,14.95,15.17,15.17,259053
2019-08-02,15.17,15.63,14.96,15.46,15.46,390792
2019-08-05,15.45,15.64,15.4,15.46,15.46,187417
2019-08-06,15.48,15.62,15.37,15.43,15.43,150097
2019-08-07,15.45,15.95,15.2,15.53,15.53,490406
2019-08-08,15.52,15.73,15.46,15.67,15.67,73655
2019-08-09,15.46,15.82,15.45,15.46,15.46,178647
2019-08-12,15.46,15.51,15.36,15.4,15.4,288646
2019-08-13,15.41,15.59,14.74,15.18,15.18,288088
2019-08-14,15,15.3,14.71,14.79,14.79,307819
2019-08-15,14.73,14.99,14.73,14.83,14.83,458335
2019-08-16,14.91,15.13,14.79,15.06,15.06,239571
2019-08-19,15.23,15.32,15.1,15.13,15.13,154632
2019-08-20,15.19,15.31,15.19,15.3,15.3,229461
2019-08-21,15.31,15.4,15.09,15.23,15.23,296496
2019-08-22,15.3,15.4,15.09,15.18,15.18,290423
2019-08-23,15.11,15.25,14.7,15.08,15.08,419944
2019-08-26,14.97,14.97,14.54,14.66,14.66,388345
2019-08-27,14.72,14.95,14.51,14.65,14.65,1077225
2019-08-28,14.62,14.74,14.5,14.51,14.51,544382
2019-08-29,14.55,14.84,14.55,14.62,14.62,181985
2019-08-30,14.66,15.4,14.54,15.26,15.26,302347
2019-09-02,15.27,15.36,15.25,15.28,15.28,24076
2019-09-03,15.39,15.4,15.25,15.35,15.35,281182
2019-09-04,15.4,15.99,15.29,15.88,15.88,289611
2019-09-05,16,16,15.38,15.58,15.58,196949
2019-09-06,15.73,16,15.67,15.96,15.96,167791
2019-09-09,16,16.709999,15,15.41,15.41,273544
2019-09-10,15.56,15.99,15.28,15.43,15.43,262557
2019-09-11,15.35,15.54,14.85,14.97,14.97,444237
2019-09-12,15,15.18,14.84,14.91,14.91,564037
2019-09-13,14.96,15.05,14.8,14.85,14.85,369382
2019-09-17,14.82,14.82,14.09,14.22,14.22,1142955
2019-09-18,14.34,14.44,13.8,14.04,14.04,1122165
2019-09-19,14.05,14.05,13.3,13.4,13.4,1296685
2019-09-20,13.4,13.58,12.65,13.08,13.08,11165598
2019-09-23,13.1,13.45,13,13.31,13.31,166242
2019-09-24,13.28,13.79,13.28,13.67,13.67,288353
2019-09-25,13.72,13.95,13.67,13.81,13.81,623222
2019-09-26,13.82,14.27,13.8,14.15,14.15,471070
2019-09-27,14.2,14.54,14.2,14.51,14.51,440572
2019-09-30,14.54,14.77,14.2,14.37,14.37,339752
2019-10-01,14.28,14.37,14.02,14.07,14.07,192504
2019-10-02,14.05,14.19,13.7,14.01,14.01,341087
2019-10-03,14.05,14.3,13.92,14.23,14.23,314789
2019-10-04,14.23,14.5,14.2,14.48,14.48,205493
2019-10-07,14.4,14.5,14.21,14.35,14.35,30799
2019-10-08,14.31,14.35,14.01,14.05,14.05,267878
2019-10-09,14.03,14.17,13.82,14,14,291973
2019-10-10,14.13,14.35,14.01,14.13,14.13,284747
2019-10-11,14.31,14.4,14.08,14.15,14.15,292846
2019-10-14,14.23,14.43,14.21,14.37,14.37,102073
2019-10-15,14.3,14.45,14.24,14.44,14.44,134653
2019-10-16,14.43,14.45,14.3,14.43,14.43,71212
2019-10-17,14.43,14.5,14.4,14.46,14.46,171161
2019-10-18,14.4,14.72,14.4,14.62,14.62,205008
2019-10-21,14.75,14.92,14.52,14.66,14.66,73912
2019-10-22,14.66,14.79,14.59,14.65,14.65,43405
2019-10-23,14.8,14.9,14.7,14.8,14.8,148863
2019-10-24,14.8,15,14.76,14.89,14.89,100380
2019-10-25,14.9,15.14,14.9,15.13,15.13,44515
2019-10-28,15.13,15.5,15.1,15.42,15.42,177607
2019-10-29,15.5,15.5,15.37,15.42,15.42,43244
2019-10-30,15.48,15.5,15,15.41,15.41,126783
2019-10-31,14.8,15.02,14.8,14.9,14.9,95420
2019-11-01,15.4,15.4,14.99,15.18,15.18,152397
2019-11-04,15.04,15.04,14.65,14.73,14.73,29452
2019-11-05,14.9,15.29,14.77,15.01,15.01,2567430
2019-11-06,15.01,15.26,14.91,15.22,15.22,22713
2019-11-07,15.25,15.6,15.06,15.56,15.56,213735
2019-11-08,15.36,15.6,15.25,15.57,15.57,128350
2019-11-11,15.54,15.54,15.19,15.38,15.38,86752
2019-11-12,15.21,15.59,14.88,14.94,14.94,78328
2019-11-13,14.88,15,14.5,14.69,14.69,133468
2019-11-14,14.7,14.87,14.6,14.69,14.69,117338
2019-11-15,14.62,14.77,14.4,14.49,14.49,243066
2019-11-19,14.49,14.81,14.49,14.75,14.75,146115
2019-11-20,14.73,14.81,14.55,14.62,14.62,224097
2019-11-21,14.57,14.64,14.1,14.56,14.56,279771
2019-11-22,14.6,14.75,14.54,14.69,14.69,94587
2019-11-25,14.8,15.1,14.68,14.75,14.75,370156
2019-11-26,14.75,15.99,14.75,15.2,15.2,381351
2019-11-27,15.35,15.99,15.2,15.28,15.28,96397
2019-11-28,15.28,15.9,15.28,15.86,15.86,110030
2019-11-29,15.88,15.88,14.7,15.41,15.41,212521
2019-12-02,15.3,15.65,15.3,15.63,15.63,267480
2019-12-03,15.35,15.74,15.24,15.66,15.66,157180
2019-12-04,15.54,15.75,15.27,15.42,15.42,282639
2019-12-05,15.59,15.69,15.16,15.39,15.39,234450
2019-12-06,15.28,15.5,15.2,15.37,15.37,330390
2019-12-09,15.54,16.049999,15.35,15.87,15.87,263543
2019-12-10,15.9,16.540001,15.9,16.48,16.48,248925
2019-12-11,16.33,16.82,16.309999,16.809999,16.809999,415245
2019-12-13,16.85,17.48,16.049999,16.459999,16.459999,694488
2019-12-16,16.66,16.98,16.43,16.59,16.59,204917
2019-12-17,16.5,16.719999,16.209999,16.4,16.4,436040
2019-12-18,16.57,16.700001,16.35,16.49,16.49,260542
2019-12-19,16.59,16.59,16.23,16.33,16.33,157270
2019-12-20,16.34,16.379999,15.65,15.82,15.82,625017
2019-12-23,15.9,16,15.64,15.93,15.93,115143
2019-12-24,16,16.08,15.75,16.02,16.02,86314
2019-12-26,15.95,16.42,15.77,16.1,16.1,105062
2019-12-27,16.1,16.110001,15.8,15.98,15.98,171122
2019-12-30,16,16,15.49,15.6,15.6,164393
2019-12-31,15.6,15.6,15.6,15.6,15.6,0
2020-01-02,15.6,16.75,15.6,16.35,16.35,204249
2020-01-03,16.190001,16.190001,15.72,15.8,15.8,71054
2020-01-06,15.88,16.34,15.85,16.115,16.115,258544
2020-01-07,16.200001,16.35,16.09,16.17,16.17,104721
2020-01-08,16.139999,16.360001,15.91,16.35,16.35,362408
2020-01-09,16.41,17,16.41,16.629999,16.629999,133070
2020-01-10,16.59,16.860001,16.33,16.370001,16.370001,203603
2020-01-13,16.200001,16.379999,16.1,16.15,16.15,222791
2020-01-14,16.16,16.23,15.72,15.85,15.85,197708
2020-01-15,15.91,16.200001,15.63,15.79,15.79,79241
2020-01-16,15.91,16,15.88,15.99,15.99,122695
2020-01-17,16,16,15.82,15.98,15.98,80241
2020-01-20,15.83,16.290001,15.83,15.97,15.97,197401
2020-01-21,15.94,15.98,15.73,15.85,15.85,26001
2020-01-22,15.98,16,15.32,15.41,15.41,185735
2020-01-23,15.41,15.62,15.2,15.29,15.29,114817
2020-01-24,15.29,15.29,14.73,14.88,14.88,186948
2020-01-27,14.88,14.88,14.01,14.115,14.115,251253
2020-01-28,14.13,14.58,14.13,14.27,14.27,57796
2020-01-29,14.56,14.56,14.1,14.15,14.15,76677
2020-01-30,14.21,14.35,14.1,14.3,14.3,132677
2020-01-31,14.2,14.29,14.1,14.21,14.21,238152
2020-02-04,14.7,14.84,14.1,14.79,14.79,130604
2020-02-05,14.76,14.76,14.09,14.11,14.11,175786
2020-02-06,14.25,14.25,13.58,13.72,13.72,364207
2020-02-07,13.8,13.8,13.21,13.73,13.73,143790
2020-02-10,13.67,13.75,13.2,13.415,13.415,254898
2020-02-11,13.42,13.75,13.3,13.3,13.3,109954
2020-02-12,13.5,13.88,13.29,13.72,13.72,155614
2020-02-13,13.83,13.83,13.45,13.51,13.51,97656
2020-02-14,13.5,13.5,13.25,13.31,13.31,170759
2020-02-17,13.39,13.74,13.38,13.63,13.63,22545
2020-02-18,13.6,13.76,13.6,13.74,13.74,24797
2020-02-19,13.65,13.72,13.64,13.66,13.66,39473
2020-02-20,13.62,13.63,13.4,13.52,13.52,104585
2020-02-21,13.55,13.99,13.55,13.79,13.79,49228
2020-02-24,13.72,13.72,13,13.26,13.26,285384
2020-02-25,13.21,13.34,12.48,12.57,12.57,414464
2020-02-26,12.6,12.72,12.2,12.25,12.25,668055
2020-02-27,12.14,12.14,11.01,11.65,11.65,239119
2020-02-28,11.47,13.68,9,11.86,11.86,570904
2020-03-02,11.5,13.17,11.5,13,13,1273287
2020-03-03,13,13.06,12.27,12.28,12.28,308219
2020-03-04,12.55,12.82,12.31,12.78,12.78,38247
2020-03-05,12.78,12.81,11.51,12.03,12.03,177944
2020-03-06,12.03,12.03,11.4,11.5,11.5,385469
2020-03-09,11.39,11.39,10.45,10.7,10.7,395720
2020-03-10,11.02,12.28,10.8,11.41,11.41,182565
2020-03-11,11.61,11.61,10.7,11.1,11.1,122006
2020-03-12,10.79,11.4,10.18,10.18,10.18,162099
2020-03-13,10.21,10.67,9.97,10.34,10.34,79656
2020-03-17,10.03,11.52,9.42,10.79,10.79,356580
2020-03-18,10.62,10.8,9.6,10.09,10.09,109284
2020-03-19,10.08,10.75,8.01,10.4,10.4,210610
2020-03-20,10.4,10.7,8.65,9.59,9.59,127939
2020-03-23,9.48,9.48,8.5,8.69,8.69,185000
2020-03-24,8.93,9.65,8.86,9.06,9.06,175454
2020-03-25,9.24,10.75,8.5,9.98,9.98,250492
2020-03-26,10,10.09,9.69,10,10,153568
2020-03-27,9.92,9.92,8.6,9.39,9.39,73675
2020-03-30,9.39,9.4,9,9.01,9.01,46686
2020-03-31,9.2,9.97,8.8,9.57,9.57,297549
2020-04-01,9.5,9.5,8.38,8.7,8.7,134421
2020-04-02,8.75,9.43,7.85,7.93,7.93,215746
2020-04-03,8.08,8.27,6.84,7.42,7.42,187007
2020-04-06,7.5,8.4,7.49,7.78,7.78,200887
2020-04-07,7.95,8.25,7.78,7.81,7.81,238788
2020-04-08,8.03,8.2,7.3,7.85,7.85,159856
2020-04-13,7.95,8.07,7.8,7.93,7.93,133351
2020-04-14,8.08,8.08,7.6,7.78,7.78,180135
2020-04-15,7.78,7.85,7.2,7.39,7.39,119511
2020-04-16,7.55,7.88,6.88,7.11,7.11,271316
2020-04-17,7.28,7.5,7.11,7.22,7.22,196167
2020-04-20,7.44,7.48,7.2,7.3,7.3,86007
2020-04-21,7.27,7.3,6.98,7.04,7.04,197330
2020-04-22,7.2,7.2,6.96,7.02,7.02,87211
2020-04-23,7.16,7.16,7.02,7.12,7.12,149015
2020-04-24,7.12,8.18,7.11,8.03,8.03,255950
2020-04-27,8.1,8.1,7.15,7.89,7.89,159641
2020-04-28,7.94,9.37,7.82,9,9,304119
2020-04-29,9,10.2,8.9,9.59,9.59,388315
2020-04-30,9.7,10,9.35,9.43,9.43,306442
2020-05-04,9.35,9.35,8.53,8.69,8.69,248738
2020-05-05,8.9,9,8.5,8.86,8.86,159057
2020-05-06,8.87,9.2,8.52,9.08,9.08,264294
2020-05-07,9.17,9.32,8.76,9.12,9.12,151728
2020-05-08,9.2,9.47,8.85,9,9,289103
2020-05-11,9.09,9.09,8.85,8.99,8.99,116868
2020-05-12,8.94,8.99,8.59,8.73,8.73,416949
2020-05-13,8.71,8.71,7.7,7.84,7.84,590316
2020-05-14,7.8,7.8,7.51,7.58,7.58,354254
2020-05-15,7.58,7.61,7,7.09,7.09,612655
2020-05-18,7.23,7.6,7.06,7.21,7.21,799379
2020-05-19,7.21,7.28,7.05,7.08,7.08,606319
2020-05-20,7.17,7.17,6.76,7.02,7.02,397394
2020-05-21,7.05,7.05,6.9,7,7,533508
2020-05-22,7.04,7.04,6.8,6.8,6.8,595349
2020-05-25,6.93,6.96,6.4,6.56,6.56,840326
2020-05-26,6.54,6.85,6.5,6.71,6.71,677939
2020-05-27,6.81,7.28,6.81,7.07,7.07,1183009
2020-05-28,7.21,7.21,6.85,7,7,315483
2020-05-29,7.1,7.1,6.11,6.34,6.34,9000817
2020-06-01,6.44,6.75,6.28,6.64,6.64,985197
2020-06-02,6.85,6.85,6.63,6.82,6.82,360563
2020-06-03,6.79,7.28,6.62,7.02,7.02,786061
2020-06-04,6.95,7.6,6.95,7.54,7.54,1424860
2020-06-05,7.7,8.27,7.66,7.74,7.74,2062160
2020-06-08,7.74,8.16,7.74,7.96,7.96,1282594
2020-06-09,7.98,7.98,7.54,7.72,7.72,949037
2020-06-10,7.82,7.87,7.33,7.43,7.43,762502
2020-06-11,7.43,7.43,6.58,6.94,6.94,900696
2020-06-12,6.96,7.25,6.9,6.99,6.99,682971
2020-06-15,6.92,7.12,6.75,7.01,7.01,1192051
2020-06-16,7.22,7.54,7.13,7.15,7.15,417546
2020-06-17,7.29,7.29,7.03,7.14,7.14,374272
2020-06-18,7.05,7.1,6.91,6.98,6.98,237561
2020-06-19,7.1,7.1,6.41,6.66,6.66,4518801
2020-06-22,6.79,6.88,6.57,6.73,6.73,558006
2020-06-23,6.79,6.9,6.69,6.81,6.81,756770
2020-06-24,6.78,6.81,6.53,6.6,6.6,454556
2020-06-25,6.5,6.5,6.01,6.05,6.05,1855892
2020-06-26,6.07,6.16,5.6,5.73,5.73,1698554
2020-06-29,5.93,5.99,5.53,5.85,5.85,1258749
2020-06-30,5.94,6.16,5.8,5.83,5.83,696980
2020-07-01,5.4,5.4,2,4.17,4.17,9653583
2020-07-02,4.33,5.29,4.33,4.91,4.91,5434855
2020-07-03,4.94,5.35,4.82,5.17,5.17,1482997
2020-07-06,5.28,5.35,4.9,5.04,5.04,1681245
2020-07-07,5.05,5.05,4.89,4.95,4.95,851261
2020-07-08,4.97,5.1,4.77,4.8,4.8,512718
2020-07-09,4.81,4.85,4.39,4.41,4.41,1321980
2020-07-10,4.49,4.69,4.4,4.63,4.63,797179
2020-07-13,4.77,4.77,4.4,4.45,4.45,473808
2020-07-14,4.4,4.45,4.39,4.4,4.4,368715
2020-07-15,4.47,4.54,4.39,4.44,4.44,1134067
2020-07-16,4.43,4.54,4.39,4.53,4.53,661241
2020-07-17,4.57,4.59,4.46,4.48,4.48,114646
2020-07-20,4.5,4.55,4.4,4.44,4.44,138190
2020-07-21,4.52,4.66,4.47,4.51,4.51,237439
2020-07-22,4.52,5,4.52,4.9,4.9,752188
2020-07-23,4.99,5.1,4.95,5.09,5.09,602992
2020-07-24,5.1,5.2,4.95,5.12,5.12,377205
2020-07-27,5.12,5.12,4.96,4.97,4.97,228702
2020-07-28,5.07,5.07,4.72,4.76,4.76,209673
2020-07-29,4.85,5.09,4.85,5,5,692109
2020-07-30,5.08,5.08,4.75,4.87,4.87,212852
2020-07-31,4.87,4.98,4.75,4.88,4.88,217831
2020-08-03,4.97,5,4.89,4.91,4.91,129641
2020-08-04,4.92,5.05,4.92,4.95,4.95,432434
2020-08-05,5,5.11,4.93,4.99,4.99,294760
2020-08-06,4.99,5.08,4.96,4.99,4.99,198040
2020-08-07,5.02,5.06,5,5.01,5.01,200449
2020-08-10,5.03,5.09,4.97,4.99,4.99,342451
2020-08-11,5.08,5.22,5.01,5.17,5.17,801355
2020-08-12,5.22,5.39,5.06,5.17,5.17,724716
2020-08-13,5.18,5.4,5.17,5.35,5.35,369404
2020-08-14,5.61,6.4,5.61,5.8,5.8,2539226
2020-08-17,6,6.35,5.81,5.98,5.98,1922633
2020-08-18,5.99,6.15,5.95,5.98,5.98,1585570
2020-08-19,6.09,6.1,5.63,5.76,5.76,1189996
2020-08-20,5.89,5.89,5.73,5.75,5.75,1025049
2020-08-21,5.8,5.85,5.56,5.58,5.58,1002773
2020-08-24,5.75,5.79,5.41,5.44,5.44,918806
2020-08-25,5.48,5.48,5.1,5.38,5.38,979901
2020-08-26,5.41,5.41,5.1,5.23,5.23,576418
2020-08-27,5.21,5.21,5.03,5.08,5.08,1021460
2020-08-28,5.1,5.1,4.95,5.03,5.03,1199156
2020-08-31,5.05,5.05,4.6,4.77,4.77,1726923
2020-09-01,4.77,4.85,4.55,4.81,4.81,1250047
2020-09-02,4.89,4.89,4.67,4.77,4.77,1816384
2020-09-03,4.78,4.87,4.69,4.78,4.78,1990975
2020-09-04,4.85,4.86,4.71,4.79,4.79,2321711
2020-09-07,4.8,4.92,4.7,4.75,4.75,344689
2020-09-08,4.79,4.79,4.63,4.67,4.67,280416
2020-09-09,4.67,4.67,4.46,4.55,4.55,1252914
2020-09-10,4.55,4.58,4.37,4.53,4.53,355320
2020-09-11,4.53,4.53,4.34,4.36,4.36,466185
2020-09-14,4.36,4.52,4.32,4.43,4.43,360703
2020-09-15,4.44,4.49,4.18,4.33,4.33,952281
2020-09-17,4.34,4.46,4.31,4.33,4.33,1100050
2020-09-18,4.35,4.4,4.17,4.23,4.23,297212
2020-09-21,4.23,4.23,3.97,4.14,4.14,527231
2020-09-22,4.14,4.29,4.04,4.24,4.24,338901
2020-09-23,4.29,4.29,4.03,4.2,4.2,307428
2020-09-24,4.21,4.23,4.1,4.18,4.18,239642
2020-09-25,4.19,4.2,4.07,4.15,4.15,215888
2020-09-28,4.16,4.22,4.14,4.21,4.21,567041
2020-09-29,4.2,4.39,4.19,4.36,4.36,250364
2020-09-30,4.36,4.41,4.25,4.38,4.38,362488
2020-10-01,4.36,4.46,4.36,4.43,4.43,155148
2020-10-02,4.43,4.54,4.35,4.49,4.49,228592
2020-10-05,4.48,4.51,4.4,4.46,4.46,128378
2020-10-06,4.46,4.55,4.45,4.46,4.46,148262
2020-10-07,4.46,4.5,4.4,4.45,4.45,250516
2020-10-08,4.53,4.54,4.4,4.44,4.44,98785
2020-10-09,4.45,4.49,4.43,4.44,4.44,31923
2020-10-12,4.51,5.06,4.51,4.79,4.79,1012128
2020-10-13,4.87,4.89,4.5,4.69,4.69,436043
2020-10-14,4.77,4.78,4.61,4.66,4.66,222029
2020-10-15,4.62,4.76,4.59,4.75,4.75,168421
2020-10-16,4.8,4.85,4.69,4.78,4.78,215682
2020-10-19,4.78,4.85,4.71,4.78,4.78,255818
2020-10-20,4.74,4.8,4.65,4.67,4.67,286418
2020-10-21,4.66,4.66,4.45,4.49,4.49,557420
2020-10-22,4.51,4.51,4.35,4.39,4.39,532387
2020-10-23,4.54,4.6,4.37,4.44,4.44,166797
2020-10-26,4.44,4.44,4.34,4.38,4.38,179445
2020-10-27,4.37,4.37,4.09,4.11,4.11,432630
2020-10-28,4.11,4.22,4.1,4.2,4.2,366967
2020-10-29,4.21,4.23,4.17,4.22,4.22,113733
2020-10-30,4.21,4.3,4.21,4.24,4.24,209055
2020-11-03,4.26,4.47,4.24,4.45,4.45,212873
2020-11-04,4.44,4.44,4.25,4.27,4.27,158725
2020-11-05,4.28,4.36,4.21,4.24,4.24,170691
2020-11-06,4.24,4.32,4.21,4.21,4.21,185762
2020-11-09,4.35,4.55,4.34,4.48,4.48,699661
2020-11-10,4.49,4.77,4.49,4.7,4.7,572321
2020-11-11,4.76,4.99,4.76,4.82,4.82,958587
2020-11-12,4.82,5,4.77,4.98,4.98,814538
2020-11-13,5.05,5.05,4.92,4.95,4.95,509994
2020-11-17,4.95,4.98,4.82,4.97,4.97,417003
2020-11-18,5,5.38,5,5.2,5.2,1001763
2020-11-19,5.21,5.21,5,5.05,5.05,501764
2020-11-20,5.25,5.25,5.07,5.15,5.15,629172
2020-11-23,5.25,5.25,5.02,5.16,5.16,400913
2020-11-24,5.17,5.29,5.12,5.2,5.2,842712
2020-11-25,5.2,5.2,5.04,5.09,5.09,472465
2020-11-26,5.1,5.18,5.05,5.07,5.07,291863
2020-11-27,5.08,5.11,4.98,5.1,5.1,338221
2020-11-30,5.05,5.4,5.05,5.26,5.26,940659
2020-12-01,5.3,5.56,5.26,5.52,5.52,603782
2020-12-02,5.52,6.3,5.52,6.18,6.18,3473914
2020-12-03,6.25,7,6.25,6.84,6.84,3096342
2020-12-04,6.86,7.25,6.86,7.19,7.19,2010449
2020-12-07,7.33,8.22,7.33,8.19,8.19,2522598
2020-12-08,8.25,9.87,7.5,8.79,8.79,4065127
2020-12-09,9.01,9.45,8.3,8.61,8.61,2839601
2020-12-10,8.63,8.75,8,8.28,8.28,1817258
2020-12-11,8.28,8.29,7.74,7.86,7.86,2276015
2020-12-14,7.8,8.19,7.8,7.95,7.95,783649
2020-12-15,8.19,8.19,7.89,8.02,8.02,425392
2020-12-16,8.05,8.05,7.87,7.96,7.96,442074
2020-12-17,7.95,8,7.8,7.85,7.85,471718
2020-12-18,7.83,7.83,7.11,7.23,7.23,1239673
2020-12-21,7.08,7.08,6.32,6.97,6.97,2980403
2020-12-22,6.99,7.54,6.98,7.12,7.12,686186
2020-12-23,7.14,7.5,7.14,7.44,7.44,583156
2020-12-24,7.57,7.8,7.55,7.66,7.66,274961
2020-12-28,7.65,7.81,7.4,7.64,7.64,703423
2020-12-29,7.65,7.79,7.5,7.51,7.51,567483
2020-12-30,7.5,7.72,7.5,7.58,7.58,305596
2020-12-31,7.57,7.6,7.5,7.55,7.55,184756
2021-01-04,7.41,7.53,6.95,7.25,7.25,974745
2021-01-05,7.24,7.24,6.88,6.98,6.98,1182884
2021-01-06,6.84,7.2,6.75,7.18,7.18,1397257
2021-01-07,7.15,7.55,7.06,7.32,7.32,1095605
2021-01-08,7.3,7.3,7.1,7.21,7.21,855064
2021-01-11,7.17,7.17,6.9,6.95,6.95,994933
2021-01-12,6.89,6.9,6.5,6.53,6.53,4061685
2021-01-13,6.52,6.65,6.51,6.55,6.55,1345333
2021-01-14,6.57,6.64,6.5,6.55,6.55,1222172
2021-01-15,6.55,6.64,6.05,6.34,6.34,1091487
2021-01-18,6.13,6.29,5.99,6.2,6.2,637776
2021-01-19,6.22,6.52,6.22,6.37,6.37,737774
2021-01-20,6.42,6.55,6.22,6.47,6.47,354338
2021-01-21,6.5,6.52,6.3,6.4,6.4,227903
2021-01-22,6.42,6.42,6.13,6.18,6.18,291349
2021-01-25,6.22,6.22,5.98,6.18,6.18,294415
2021-01-26,6.3,7.08,6.26,7.02,7.02,1363167
2021-01-27,7.04,7.2,6.75,6.85,6.85,1052507
2021-01-28,7.15,8.4,7.15,7.4,7.4,3557141
2021-01-29,7.37,7.5,6.89,7.17,7.17,1074961
2021-02-02,7.02,7.02,6.7,6.94,6.94,631471
2021-02-03,6.88,7,6.71,6.93,6.93,295975
2021-02-04,6.95,7.05,6.85,7,7,539133
2021-02-05,7.1,7.28,7,7.23,7.23,692879
2021-02-08,7.25,7.28,7.01,7.11,7.11,520873
2021-02-09,7.13,7.13,6.95,7.03,7.03,488066
2021-02-10,7,7.09,6.99,7,7,231441
2021-02-11,6.98,7.01,6.88,6.99,6.99,256262
2021-02-12,6.93,6.93,6.7,6.76,6.76,261172
2021-02-15,6.71,6.71,6.57,6.6,6.6,337178
2021-02-16,6.6,6.73,6.44,6.54,6.54,428795
2021-02-17,6.53,6.85,6.53,6.64,6.64,1604639
2021-02-18,6.62,6.81,6.35,6.43,6.43,711944
2021-02-19,6.45,6.65,6.26,6.31,6.31,1157439
2021-02-22,6.28,6.31,6.05,6.09,6.09,1363258
2021-02-23,6.21,6.22,5.76,6.08,6.08,942231
2021-02-24,6.09,6.25,5.99,6.05,6.05,1109788
2021-02-25,6.05,6.2,6.05,6.15,6.15,1155738
2021-02-26,6.21,6.3,6.12,6.17,6.17,614772
2021-03-01,6.27,6.5,6.26,6.47,6.47,551666
2021-03-02,6.47,6.63,6.31,6.36,6.36,937357
2021-03-03,6.36,6.62,6.35,6.43,6.43,491284
2021-03-04,6.5,6.6,6.37,6.42,6.42,231568
2021-03-05,6.45,6.45,6.16,6.3,6.3,597964
2021-03-08,6.3,6.39,6.11,6.15,6.15,1044310
2021-03-09,6.27,6.34,6.13,6.23,6.23,530325
2021-03-10,6.25,6.35,6.23,6.27,6.27,559657
2021-03-11,6.33,6.37,6.14,6.16,6.16,1389160
2021-03-12,6.17,6.3,6.03,6.04,6.04,1498767
2021-03-16,6.05,6.22,6.05,6.17,6.17,937951
2021-03-17,6.19,6.23,6.15,6.21,6.21,251911
2021-03-18,6.22,6.38,6.1,6.13,6.13,999408
2021-03-19,6.15,6.18,6.09,6.12,6.12,162323
2021-03-22,6.13,6.18,6.12,6.14,6.14,344040
2021-03-23,6.18,6.18,5.95,5.98,5.98,876298
2021-03-24,5.98,6.09,5.84,5.87,5.87,1053337
2021-03-25,5.94,5.94,5.85,5.88,5.88,594134
2021-03-26,5.88,5.93,5.78,5.81,5.81,366138
2021-03-29,5.78,5.9,5.74,5.81,5.81,274199
2021-03-30,5.84,5.92,5.84,5.88,5.88,307346
2021-03-31,5.89,6.52,5.89,6.48,6.48,1873039
2021-04-05,6.44,6.45,6.14,6.26,6.26,348828
2021-04-06,6.26,6.31,6.14,6.15,6.15,454236
2021-04-07,6.15,6.32,6.15,6.27,6.27,480970
2021-04-08,6.27,6.36,6.2,6.34,6.34,264990
2021-04-09,6.35,6.38,6.08,6.16,6.16,564464
2021-04-12,6.21,6.33,6.02,6.06,6.06,683074
2021-04-13,6.08,6.25,6.08,6.09,6.09,283191
2021-04-14,6.09,6.25,6.01,6.04,6.04,373489
2021-04-15,6.15,6.23,6.08,6.11,6.11,335420
2021-04-16,6.11,6.17,6.05,6.08,6.08,332927
2021-04-19,6.1,6.26,6.08,6.25,6.25,338303
2021-04-20,6.25,6.34,6.1,6.15,6.15,628778
2021-04-21,6.1,6.17,5.96,6,6,1687190
2021-04-22,6.03,6.09,5.88,5.91,5.91,1100520
2021-04-23,5.95,5.95,5.8,5.9,5.9,1364885
2021-04-26,5.92,6.09,5.92,6.03,6.03,1172061
2021-04-27,6.03,6.12,6.01,6.03,6.03,404856
2021-04-28,6.04,6.08,6,6.06,6.06,266340
2021-04-29,6.05,6.05,5.97,5.98,5.98,479320
2021-04-30,5.98,6.06,5.97,6,6,634614
2021-05-03,6.02,6.12,5.85,6.01,6.01,290727
2021-05-04,5.95,6.02,5.92,5.94,5.94,223595
2021-05-05,5.92,6.04,5.92,5.98,5.98,309105
2021-05-06,6,6.01,5.9,5.93,5.93,390779
2021-05-07,5.93,6.06,5.93,5.97,5.97,769830
2021-05-10,6.08,6.08,5.92,5.96,5.96,297804
2021-05-11,5.91,6.01,5.91,5.95,5.95,263483
2021-05-12,5.96,6.02,5.86,5.87,5.87,377235
2021-05-13,5.9,5.96,5.68,5.75,5.75,1240558
2021-05-14,5.75,5.84,5.67,5.68,5.68,533632
2021-05-17,5.9,5.9,5.67,5.69,5.69,247538
2021-05-18,5.68,5.75,5.68,5.7,5.7,222396
2021-05-19,5.7,5.7,5.49,5.56,5.56,603822
2021-05-20,5.55,5.55,5.48,5.54,5.54,247719
2021-05-21,5.59,5.6,5.54,5.58,5.58,208805
2021-05-24,5.57,5.65,5.57,5.63,5.63,273208
2021-05-25,5.6,5.66,5.06,5.3,5.3,667582
2021-05-26,5.36,5.49,5.09,5.35,5.35,1090718
2021-05-27,5.35,5.44,5.35,5.4,5.4,627920
2021-05-28,5.39,5.42,5.35,5.38,5.38,534446
2021-05-31,5.35,5.44,5.33,5.41,5.41,474446
2021-06-01,5.45,5.49,5.38,5.39,5.39,326029
2021-06-02,5.44,5.53,5.4,5.46,5.46,474061
2021-06-03,5.48,5.48,5.39,5.4,5.4,421179
2021-06-04,5.5,5.5,5.39,5.46,5.46,323509
2021-06-07,5.46,5.57,5.45,5.47,5.47,397903
2021-06-08,5.48,5.48,5.39,5.4,5.4,576872
2021-06-09,5.42,5.5,5.05,5.37,5.37,622904
2021-06-10,5.45,5.5,5.37,5.47,5.47,439409
2021-06-11,5.48,5.5,5.42,5.46,5.46,172086
2021-06-14,5.46,5.6,5.43,5.49,5.49,236013
2021-06-15,5.5,5.65,5.46,5.61,5.61,486452
2021-06-16,5.61,6.2,5.61,5.86,5.86,2084415
2021-06-17,5.89,5.98,5.61,5.7,5.7,941743
2021-06-18,5.71,6.15,5.7,5.84,5.84,1147451
2021-06-21,5.84,5.98,5.69,5.7,5.7,715764
2021-06-22,5.7,5.83,5.7,5.78,5.78,366997
2021-06-23,5.8,5.9,5.8,5.83,5.83,430540
2021-06-24,5.83,5.85,5.75,5.81,5.81,172854
2021-06-25,5.82,5.87,5.76,5.78,5.78,263955
2021-06-28,5.79,5.97,5.79,5.91,5.91,516213
2021-06-29,5.95,6.05,5.89,5.97,5.97,347167
2021-06-30,5.97,6.07,5.84,6.03,6.03,390540
2021-07-01,6.05,6.28,6.04,6.26,6.26,682623
2021-07-02,6.32,6.83,6.29,6.74,6.74,2803637
2021-07-05,6.76,7.26,6.76,7,7,1746695
2021-07-06,7.04,7.25,6.68,6.7,6.7,1313758
2021-07-07,6.7,6.7,6.4,6.47,6.47,866119
2021-07-08,6.45,6.45,6.18,6.38,6.38,430103
2021-07-09,6.4,6.7,6.26,6.65,6.65,369792
2021-07-12,6.62,6.85,6.62,6.77,6.77,576721
2021-07-13,6.76,6.78,6.65,6.72,6.72,463891
2021-07-14,6.77,6.89,6.7,6.77,6.77,546105
2021-07-15,6.75,6.95,6.7,6.89,6.89,682410
2021-07-16,6.89,6.89,6.75,6.81,6.81,466443
2021-07-19,6.84,6.85,6.37,6.49,6.49,896266
2021-07-20,6.49,6.75,6.49,6.7,6.7,300131
2021-07-21,6.68,6.8,6.31,6.39,6.39,502959
2021-07-22,6.39,6.55,6.32,6.42,6.42,444871
2021-07-23,6.44,6.47,6.26,6.29,6.29,370480
2021-07-26,6.29,6.49,6.28,6.36,6.36,530959
2021-07-27,6.42,6.49,6.23,6.3,6.3,493723
2021-07-28,6.3,6.45,6.29,6.37,6.37,494094
2021-07-29,6.37,6.55,6.19,6.28,6.28,1033846
2021-07-30,6.28,6.33,6.25,6.27,6.27,367287
2021-08-02,6.27,6.3,6.21,6.24,6.24,521708
2021-08-03,6.21,6.22,6.08,6.11,6.11,921158
2021-08-04,6.11,6.15,5.98,6,6,742935
2021-08-05,6.03,6.03,5.8,5.89,5.89,711217
2021-08-06,5.88,5.88,5.7,5.71,5.71,629300
2021-08-09,5.71,5.9,5.55,5.59,5.59,658100
2021-08-10,5.69,5.75,5.55,5.59,5.59,743685
2021-08-11,5.63,5.75,5.57,5.6,5.6,332930
2021-08-12,5.6,5.68,5.49,5.55,5.55,489077
2021-08-13,5.49,5.72,5.49,5.56,5.56,657794
2021-08-16,5.56,5.64,5.42,5.48,5.48,334694
2021-08-17,5.5,5.54,5.39,5.45,5.45,1661757
2021-08-18,5.46,5.52,5.4,5.43,5.43,2679991
2021-08-19,5.43,5.49,5.27,5.3,5.3,900031
2021-08-20,5.43,5.47,5.29,5.3,5.3,391459
2021-08-23,5.3,5.53,5.3,5.34,5.34,491443
2021-08-24,5.34,5.5,5.34,5.46,5.46,220936
2021-08-25,5.48,5.48,5.38,5.38,5.38,334919
2021-08-26,5.46,5.61,5.44,5.51,5.51,384744
2021-08-27,5.56,5.87,5.56,5.83,5.83,1650966
2021-08-30,5.93,5.95,5.63,5.7,5.7,559719
2021-08-31,5.71,5.76,5.6,5.7,5.7,421406
2021-09-01,5.69,5.69,5.6,5.64,5.64,775214
2021-09-02,5.63,5.69,5.58,5.66,5.66,197286
2021-09-03,5.68,5.68,5.59,5.65,5.65,198305
2021-09-06,5.63,5.66,5.58,5.64,5.64,210637
2021-09-07,5.64,5.64,5.45,5.53,5.53,504432
2021-09-08,5.53,5.55,5.42,5.44,5.44,268100
2021-09-09,5.44,5.5,5.43,5.43,5.43,247907
2021-09-10,5.44,5.44,5.4,5.4,5.4,275418
2021-09-13,5.4,5.5,5.38,5.43,5.43,143771
2021-09-14,5.49,5.49,5.43,5.48,5.48,125886
2021-09-15,5.48,5.5,5.41,5.48,5.48,350847
2021-09-17,5.5,5.5,5.36,5.4,5.4,222505
2021-09-20,5.35,5.35,5.12,5.13,5.13,844430
2021-09-21,5.19,5.39,5.18,5.31,5.31,333328
2021-09-22,5.29,5.5,5.29,5.4,5.4,317346
2021-09-23,5.43,5.43,5.35,5.4,5.4,635026
2021-09-24,5.38,5.41,5.31,5.38,5.38,190570
2021-09-27,5.37,5.45,5.34,5.42,5.42,308341
2021-09-28,5.41,5.42,5.29,5.41,5.41,145850
2021-09-29,5.44,5.47,5.37,5.46,5.46,213650
2021-09-30,5.45,5.55,5.45,5.51,5.51,292755
2021-10-01,5.5,5.59,5.5,5.55,5.55,117076
2021-10-04,5.61,5.75,5.61,5.66,5.66,648321
2021-10-05,5.61,5.74,5.53,5.64,5.64,714207
2021-10-06,5.65,5.7,5.46,5.55,5.55,195224
2021-10-07,5.56,5.67,5.55,5.56,5.56,564365
2021-10-08,5.58,5.64,5.51,5.53,5.53,376340
2021-10-11,5.64,5.64,5.53,5.56,5.56,167425
2021-10-12,5.56,5.65,5.5,5.6,5.6,338926
2021-10-13,5.6,5.65,5.59,5.63,5.63,237612
2021-10-14,5.64,5.71,5.48,5.57,5.57,462943
2021-10-15,5.6,5.7,5.4,5.65,5.65,304044
2021-10-18,5.65,5.69,5.53,5.64,5.64,216932
2021-10-19,5.56,5.7,5.54,5.58,5.58,359179
2021-10-20,5.59,5.59,5.53,5.57,5.57,264540
2021-10-21,5.56,5.7,5.3,5.47,5.47,313649
2021-10-22,5.54,5.54,5.39,5.48,5.48,200424
2021-10-25,5.48,5.51,5.39,5.4,5.4,398772
2021-10-26,5.4,5.53,5.34,5.34,5.34,239831
2021-10-27,5.35,5.4,5.25,5.26,5.26,544076
2021-10-28,5.29,5.29,5.2,5.22,5.22,137416
2021-10-29,5.25,5.44,5.22,5.26,5.26,122897
2021-11-01,5.25,5.42,5.23,5.25,5.25,507587
2021-11-03,5.23,5.32,5.19,5.2,5.2,488716
2021-11-04,5.21,5.28,5.12,5.15,5.15,416544
2021-11-05,5.15,5.2,5.12,5.14,5.14,167042
2021-11-08,5.15,5.37,5.14,5.29,5.29,258296
2021-11-09,5.4,5.4,5.24,5.27,5.27,303897
2021-11-10,5.27,5.35,5.16,5.17,5.17,433454
2021-11-11,5.16,5.26,5.16,5.23,5.23,29026
2021-11-12,5.22,5.33,5.22,5.31,5.31,114118
2021-11-16,5.31,5.31,5.24,5.27,5.27,168627
2021-11-17,5.27,5.29,5.27,5.28,5.28,166745
2021-11-18,5.28,5.29,5.2,5.22,5.22,643289
2021-11-19,5.23,5.37,5.15,5.21,5.21,251431
2021-11-22,5.21,5.9,5.16,5.68,5.68,962181
2021-11-23,5.68,5.81,5.38,5.52,5.52,479854
2021-11-24,5.49,5.51,5.3,5.36,5.36,301158
2021-11-25,5.35,5.43,5.35,5.38,5.38,66910
2021-11-26,5.35,5.35,5.2,5.29,5.29,267721
2021-11-29,5.29,5.33,5.2,5.27,5.27,292627
2021-11-30,5.29,5.3,5.12,5.2,5.2,527690
2021-12-01,5.2,5.3,5.11,5.15,5.15,527337
2021-12-02,5.15,5.24,5.13,5.17,5.17,762238
2021-12-03,5.24,5.25,4.82,4.91,4.91,1543085
2021-12-06,4.91,5.08,4.91,4.98,4.98,1127301
2021-12-07,4.98,5.08,4.55,4.6,4.6,3221264
2021-12-08,4.69,4.85,4.5,4.6,4.6,2454692
2021-12-09,4.6,4.73,4.6,4.66,4.66,398890
2021-12-10,4.74,4.74,4.39,4.43,4.43,1451305
2021-12-13,4.49,4.53,3.99,4.05,4.05,4958370
2021-12-14,4,4.2,3.99,4.03,4.03,2071654
2021-12-15,4.06,4.08,3.55,3.69,3.69,4003436
2021-12-16,3.69,3.81,0.9,1.76,1.76,26333229
2021-12-17,1.8,1.84,1.04,1.16,1.16,23640546
2021-12-20,1.18,2.04,1.14,1.82,1.82,27677125
2021-12-21,1.85,2.4,1.85,2.17,2.17,18923970
2021-12-22,2.21,3.43,2.21,3.14,3.14,28812843
2021-12-23,3.2,3.7,2.54,3,3,18345300
2021-12-24,2.96,3.3,2.96,3.16,3.16,5473987
2021-12-27,3.16,3.25,2.65,2.94,2.94,6743086
2021-12-28,2.95,3.06,2.85,2.95,2.95,2193178
2021-12-29,2.97,3.04,2.8,2.93,2.93,3145879
2021-12-30,2.87,2.92,2.75,2.84,2.84,1879234
2021-12-31,2.85,2.9,2.5,2.78,2.78,1787393
2022-01-03,2.79,2.79,2.38,2.64,2.64,5167811
2022-01-04,2.59,2.62,2.45,2.55,2.55,2639543
2022-01-05,2.55,2.57,2.46,2.47,2.47,1498125
2022-01-06,2.42,2.42,2.2,2.3,2.3,3928665
2022-01-07,2.26,2.31,1.9,1.92,1.92,3236346
2022-01-10,1.91,2.64,1.59,2.31,2.31,8412801
2022-01-11,2.32,2.6,2.25,2.27,2.27,4933409
2022-01-12,2.34,2.46,2,2.04,2.04,5119724
2022-01-13,2.1,2.28,2,2.03,2.03,5973066
2022-01-14,2.07,2.2,1.81,1.86,1.86,5466070
2022-01-17,1.9,2.02,1.75,1.89,1.89,7112647
2022-01-18,1.93,2,1.51,1.59,1.59,11307099
2022-01-19,1.62,1.78,1.49,1.61,1.61,11036061
2022-01-20,1.6,1.72,1.57,1.62,1.62,4759585
2022-01-21,1.62,1.62,1.45,1.46,1.46,3507799
2022-01-24,1.48,1.49,1.25,1.3,1.3,9127510
2022-01-25,1.27,1.29,1.11,1.17,1.17,6599058
2022-01-26,1.19,1.44,1.14,1.32,1.32,4759377
2022-01-27,1.32,1.45,1.32,1.38,1.38,1867706
2022-01-28,1.4,1.72,1.4,1.61,1.61,5540139
2022-01-31,1.67,2.1,1.67,1.95,1.95,7472411
2022-02-01,1.97,2.2,1.97,2.15,2.15,4940582
2022-02-02,2.2,2.53,2.15,2.42,2.42,8777197
2022-02-03,2.47,2.95,2.46,2.85,2.85,11045429
2022-02-04,2.84,2.85,1.59,2.15,2.15,7967007
2022-02-08,2.14,2.32,1.82,1.95,1.95,5396384
2022-02-09,1.92,2.11,1.91,2.02,2.02,2361444
2022-02-10,2.04,2.07,1.96,2.01,2.01,1765917
2022-02-11,2.01,2.06,1.9,1.92,1.92,1383946
2022-02-14,1.92,1.98,1.9,1.91,1.91,1034562
2022-02-15,1.9,1.92,1.63,1.66,1.66,7478013
2022-02-16,1.58,1.58,1.25,1.4,1.4,15615138
2022-02-17,1.4,1.47,1.3,1.35,1.35,6283131
2022-02-18,1.34,1.39,1.23,1.27,1.27,2606064
2022-02-21,1.24,1.24,1.05,1.16,1.16,6223394
2022-02-22,1.16,1.2,1.05,1.11,1.11,4812801
2022-02-23,1.12,1.19,1.1,1.13,1.13,2848602
2022-02-24,1.1,1.39,1.02,1.25,1.25,5337804
2022-02-25,1.27,1.39,1.27,1.37,1.37,1840584
2022-02-28,1.37,1.59,1.33,1.35,1.35,4340383
2022-03-01,1.37,1.48,1.35,1.37,1.37,1493485
2022-03-02,1.37,1.42,1.24,1.32,1.32,1525452
2022-03-03,1.32,1.42,1.28,1.36,1.36,2228756
2022-03-04,1.36,1.36,1.21,1.26,1.26,3309441
2022-03-07,1.23,1.26,1.14,1.15,1.15,2859409
2022-03-08,1.15,1.23,1.09,1.12,1.12,4015532
2022-03-09,1.12,1.24,1.1,1.15,1.15,1856960
2022-03-10,1.15,1.15,1.05,1.06,1.06,3840559
2022-03-11,1.05,1.05,0.921,0.951,0.951,6325559
2022-03-14,0.932,0.932,0.52,0.8,0.8,9801770
2022-03-15,0.784,0.79,0.3,0.586,0.586,148287942
2022-03-16,0.574,0.574,0.4,0.44,0.44,13199022
2022-03-17,0.44,0.44,0.44,0.44,0.44,0