Date,Open,High,Low,Close,Adj Close
2019-09-30,16.200001,16.265333,15.740667,16.058001,16.058001
2019-10-01,16.1,16.396667,15.942,16.312668,16.312668
2019-10-02,16.219334,16.309999,15.962,16.208668,16.208668
2019-10-03,15.457333,15.632,14.952,15.535333,15.535333
2019-10-04,15.440667,15.652,15.204667,15.428667,15.428667
2019-10-07,15.32,15.904,15.236667,15.848,15.848
2019-10-08,15.724667,16.262667,15.633333,16.003332,16.003332
2019-10-09,16.087999,16.486668,16.043333,16.302,16.302
2019-10-10,16.351999,16.618668,16.105333,16.316,16.316
2019-10-11,16.476667,16.738667,16.454,16.525999,16.525999
2019-10-14,16.526667,17.236668,16.475332,17.130667,17.130667
2019-10-15,17.18,17.333332,16.941334,17.192667,17.192667
2019-10-16,17.159332,17.473333,17.128,17.316668,17.316668
2019-10-17,17.5,17.652,17.344667,17.464666,17.464666
2019-10-18,17.379999,17.52,17.006666,17.129999,17.129999
2019-10-21,17.222,17.299999,16.678667,16.9,16.9
2019-10-22,16.954666,17.222,16.723333,17.038668,17.038668
2019-10-23,16.966667,17.076,16.756666,16.978666,16.978666
2019-10-24,19.891333,20.328667,19.280001,19.978666,19.978666
2019-10-25,19.848,22,19.740667,21.875334,21.875334
2019-10-28,21.836,22.722668,21.506666,21.847334,21.847334
2019-10-29,21.332666,21.620001,20.983334,21.081333,21.081333
2019-10-30,20.866667,21.252666,20.664667,21.000668,21.000668
2019-10-31,20.873333,21.266666,20.866667,20.994667,20.994667
2019-11-01,21.087999,21.098667,20.653334,20.887333,20.887333
2019-11-04,20.986668,21.462667,20.617332,21.164667,21.164667
2019-11-05,21.308001,21.567333,21.074667,21.148001,21.148001
2019-11-06,21.200001,21.781334,20.966667,21.771999,21.771999
2019-11-07,21.942667,22.766666,21.868,22.369333,22.369333
2019-11-08,22.299999,22.497334,22.166668,22.476,22.476
2019-11-11,22.93,23.279333,22.799999,23.006001,23.006001
2019-11-12,23.126667,23.358,22.936001,23.328667,23.328667
2019-11-13,23.666668,23.755333,23.011999,23.073999,23.073999
2019-11-14,23.073999,23.589333,22.860666,23.290001,23.290001
2019-11-15,23.375999,23.52,23.224001,23.478001,23.478001
2019-11-18,23.528,23.543333,23.073334,23.332666,23.332666
2019-11-19,23.450001,23.999332,23.186666,23.968,23.968
2019-11-20,24,24.08,23.304667,23.481333,23.481333
2019-11-21,23.634001,24.056,23.6,23.655333,23.655333
2019-11-22,22.677334,22.733334,22,22.202667,22.202667
2019-11-25,22.954666,22.971333,22.297333,22.422667,22.422667
2019-11-26,22.351334,22.366667,21.806667,21.927999,21.927999
2019-11-27,22.074667,22.261999,21.904667,22.086,22.086
2019-11-29,22.073999,22.084,21.833332,21.996,21.996
2019-12-02,21.959999,22.425333,21.912666,22.324667,22.324667
2019-12-03,22.174667,22.527332,22.146,22.413334,22.413334
2019-12-04,22.516666,22.524,22.190001,22.202,22.202
2019-12-05,22.188667,22.294666,21.816668,22.024668,22.024668
2019-12-06,22.333332,22.590668,22.318001,22.392668,22.392668
2019-12-09,22.439333,22.963333,22.338667,22.635332,22.635332
2019-12-10,22.664,23.382,22.620667,23.256001,23.256001
2019-12-11,23.458668,23.812668,23.406,23.513332,23.513332
2019-12-12,23.661333,24.182667,23.548668,23.978666,23.978666
2019-12-13,24.07,24.347334,23.642668,23.892668,23.892668
2019-12-16,24.17,25.573999,24.166668,25.433332,25.433332
2019-12-17,25.266001,25.700001,25.059999,25.266001,25.266001
2019-12-18,25.375334,26.348,25.372,26.209999,26.209999
2019-12-19,26.488001,27.123333,26.433332,26.936001,26.936001
2019-12-20,27.352667,27.533333,26.679333,27.039333,27.039333
2019-12-23,27.452,28.134001,27.333332,27.948,27.948
2019-12-24,27.890667,28.364668,27.512667,28.35,28.35
2019-12-26,28.527332,28.898666,28.423332,28.729334,28.729334
2019-12-27,29,29.020666,28.407333,28.691999,28.691999
2019-12-30,28.586,28.6,27.284,27.646667,27.646667
2019-12-31,27,28.086,26.805332,27.888666,27.888666
2020-01-02,28.299999,28.713333,28.114,28.684,28.684
2020-01-03,29.366667,30.266666,29.128,29.534,29.534
2020-01-06,29.364668,30.104,29.333332,30.102667,30.102667
2020-01-07,30.76,31.441999,30.224001,31.270666,31.270666
2020-01-08,31.58,33.232666,31.215334,32.809334,32.809334
2020-01-09,33.139999,33.253334,31.524668,32.089333,32.089333
2020-01-10,32.119331,32.329334,31.58,31.876667,31.876667
2020-01-13,32.900002,35.042,32.799999,34.990665,34.990665
2020-01-14,36.284,36.493999,34.993332,35.861332,35.861332
2020-01-15,35.317333,35.855999,34.452667,34.566666,34.566666
2020-01-16,32.916668,34.297333,32.811333,34.232666,34.232666
2020-01-17,33.840668,34.377998,33.543999,34.033333,34.033333
2020-01-21,35.349998,36.571999,35.227333,36.48,36.48
2020-01-22,38.125999,39.633331,37.273335,37.970669,37.970669
2020-01-23,37.616669,38.799999,37.040001,38.146667,38.146667
2020-01-24,38.042,38.257332,36.950668,37.654667,37.654667
2020-01-27,36.132668,37.629333,35.952,37.201332,37.201332
2020-01-28,37.899334,38.453999,37.205334,37.793331,37.793331
2020-01-29,38.379333,39.32,37.828667,38.732666,38.732666
2020-01-30,42.161331,43.391998,41.200001,42.720669,42.720669
2020-01-31,42.666668,43.533333,42.167999,43.371334,43.371334
2020-02-03,44.912666,52.409332,44.901333,52,52
2020-02-04,58.863998,64.599335,55.591999,59.137333,59.137333
2020-02-05,54.883999,56.398666,46.940666,48.98,48.98
2020-02-06,46.661331,53.055332,45.799999,49.930668,49.930668
2020-02-07,48.703335,51.316666,48.666668,49.871334,49.871334
2020-02-10,53.333332,54.666,50.16,51.418667,51.418667
2020-02-11,51.252666,52.234001,50.533333,51.625332,51.625332
2020-02-12,51.858002,52.650002,50.891335,51.152668,51.152668
2020-02-13,49.456001,54.533333,49,53.599998,53.599998
2020-02-14,52.481335,54.198002,52.366669,53.335335,53.335335
2020-02-18,56.106667,57.333332,55.490665,57.226665,57.226665
2020-02-19,61.566666,62.985332,60.068001,61.161331,61.161331
2020-02-20,60.796665,60.799999,57.329334,59.960667,59.960667
2020-02-21,60.465332,60.870667,58.696667,60.066666,60.066666
2020-02-24,55.933334,57.566666,54.813332,55.585999,55.585999
2020-02-25,56.599998,57.106667,52.466667,53.327332,53.327332
2020-02-26,52.166668,54.220669,51.740665,51.919998,51.919998
2020-02-27,48.666668,49.318001,44.599998,45.266666,45.266666
2020-02-28,41.98,46.034668,40.768002,44.532665,44.532665
2020-03-02,47.417332,49.579334,45.778,49.574669,49.574669
2020-03-03,53.666668,53.798668,47.740665,49.700668,49.700668
2020-03-04,50.930668,51.101334,48.315334,49.966667,49.966667
2020-03-05,48.251331,49.716667,47.871334,48.302666,48.302666
2020-03-06,46,47.133331,45.618,46.898666,46.898666
2020-03-09,40.359333,44.200001,40.333332,40.533333,40.533333
2020-03-10,43.962002,44.533333,40.533333,43.021999,43.021999
2020-03-11,42.68,43.571999,40.866669,42.282001,42.282001
2020-03-12,38.726002,39.633331,36.416668,37.369999,37.369999
2020-03-13,39.666668,40.504665,33.466667,36.441334,36.441334
2020-03-16,31.299999,32.991333,29.478001,29.671333,29.671333
2020-03-17,29.334,31.456667,26.4,28.68,28.68
2020-03-18,25.933332,26.990667,23.367332,24.081333,24.081333
2020-03-19,24.98,30.133333,23.897333,28.509333,28.509333
2020-03-20,29.213333,31.799999,28.386,28.502001,28.502001
2020-03-23,28.906668,29.466667,27.366667,28.952667,28.952667
2020-03-24,31.82,34.245998,31.6,33.666668,33.666668
2020-03-25,36.349998,37.133331,34.074001,35.950001,35.950001
2020-03-26,36.492668,37.333332,34.150002,35.210667,35.210667
2020-03-27,33.666668,35.053333,32.935333,34.290668,34.290668
2020-03-30,34.017334,34.443333,32.748669,33.475334,33.475334
2020-03-31,33.416668,36.197334,33.133331,34.933334,34.933334
2020-04-01,33.599998,34.263332,31.673332,32.104,32.104
2020-04-02,32.068668,32.950668,29.76,30.298,30.298
2020-04-03,33.966667,34.366001,31.226,32.000668,32.000668
2020-04-06,34.080002,34.733334,33.197334,34.416,34.416
2020-04-07,36.333332,37.666668,35.489334,36.363335,36.363335
2020-04-08,36.946667,37.147331,35.555332,36.589333,36.589333
2020-04-09,37.472668,38.345333,37.140667,38.200001,38.200001
2020-04-13,39.344002,43.466667,38.702,43.396667,43.396667
2020-04-14,46.598,49.458668,46.161999,47.326,47.326
2020-04-15,49.466667,50.208668,47.333332,48.655334,48.655334
2020-04-16,47.796001,50.630001,47.114666,49.680668,49.680668
2020-04-17,51.485332,51.663334,49.844002,50.259335,50.259335
2020-04-20,48.846668,51.037998,47.480667,49.757332,49.757332
2020-04-21,48.674667,50.222,44.919334,45.781334,45.781334
2020-04-22,46.931999,48.933334,45.914001,48.807335,48.807335
2020-04-23,48.506668,48.933334,46.875332,47.042,47.042
2020-04-24,47.387333,48.715332,46.545334,48.343334,48.343334
2020-04-27,49.174,53.299332,49,53.25,53.25
2020-04-28,53.042667,53.666668,50.445999,51.274666,51.274666
2020-04-29,52.678001,53.546665,52.210667,53.367332,53.367332
2020-04-30,57.012669,57.987999,50.900002,52.125332,52.125332
2020-05-01,50.333332,51.518002,45.535999,46.754665,46.754665
2020-05-04,46.733334,50.799999,46.533333,50.745998,50.745998
2020-05-05,52.652668,53.261333,50.812,51.214001,51.214001
2020-05-06,51.766666,52.653332,50.740665,52.172001,52.172001
2020-05-07,51.813999,53.093334,51.490002,52.002666,52.002666
2020-05-08,52.917999,54.933334,52.467335,54.627998,54.627998
2020-05-11,52.700668,54.933334,52.333332,54.085999,54.085999
2020-05-12,55.133331,56.219334,53.866669,53.960667,53.960667
2020-05-13,54.722,55.066666,50.886665,52.730667,52.730667
2020-05-14,52,53.557335,50.933334,53.555332,53.555332
2020-05-15,52.689999,53.669998,52.436668,53.278,53.278
2020-05-18,55.185333,55.647999,53.591999,54.242001,54.242001
2020-05-19,54.344666,54.804668,53.738667,53.867332,53.867332
2020-05-20,54.700001,55.066666,54.119999,54.370667,54.370667
2020-05-21,54.400002,55.5,53.066666,55.173332,55.173332
2020-05-22,54.811333,55.452,54.133331,54.458668,54.458668
2020-05-26,55.633331,55.639999,54.380669,54.591331,54.591331
2020-05-27,54.723999,55.180668,52.333332,54.681999,54.681999
2020-05-28,54.234001,54.983334,53.445999,53.720669,53.720669
2020-05-29,53.916668,55.666668,53.613998,55.666668,55.666668
2020-06-01,57.200001,59.933334,56.939999,59.873333,59.873333
2020-06-02,59.646667,60.577332,58.066666,58.770668,58.770668
2020-06-03,59.208,59.862667,58.673332,58.863998,58.863998
2020-06-04,59.325333,59.716667,57.229332,57.625332,57.625332
2020-06-05,58.522667,59.101334,57.746666,59.043999,59.043999
2020-06-08,61.266666,63.333332,60.610668,63.327999,63.327999
2020-06-09,62.667332,63.629333,61.595333,62.711334,62.711334
2020-06-10,66.125336,68.498665,65.5,68.33667,68.33667
2020-06-11,66.013336,67.930664,64.800003,64.856003,64.856003
2020-06-12,65.333336,65.865334,60.84,62.352001,62.352001
2020-06-15,61.186001,66.589333,60.566666,66.059998,66.059998
2020-06-16,67.456665,67.52533,64.159332,65.475334,65.475334
2020-06-17,65.847336,67,65.504669,66.119331,66.119331
2020-06-18,66.866669,67.946671,66.297997,66.930664,66.930664
2020-06-19,67.518669,67.731331,66.089333,66.726669,66.726669
2020-06-22,66.66333,67.258667,66.001335,66.288002,66.288002
2020-06-23,66.592003,67.466667,66.267334,66.785332,66.785332
2020-06-24,66.274002,66.725334,63.542667,64.056664,64.056664
2020-06-25,63.618,65.732002,62.476665,65.732002,65.732002
2020-06-26,66.318665,66.333336,63.658001,63.982666,63.982666
2020-06-29,64.60067,67.333336,63.234669,67.290001,67.290001
2020-06-30,67.099998,72.512665,66.915337,71.987335,71.987335
2020-07-01,72.199997,75.688667,72.033333,74.641998,74.641998
2020-07-02,81.431999,81.866669,79.040001,80.577332,80.577332
2020-07-06,85.112663,91.852669,84.402664,91.438667,91.438667
2020-07-07,93.667336,95.300003,89.113998,92.657333,92.657333
2020-07-08,93.666664,94.484001,87.422668,91.05867,91.05867
2020-07-09,93.132668,93.903999,90.085335,92.952003,92.952003
2020-07-10,93.066666,103.26133,91.734001,102.976669,102.976669
2020-07-13,110.599998,119.666,98.073997,99.804001,99.804001
2020-07-14,103.73333,106,95.400002,101.120003,101.120003
2020-07-15,102.866669,103.333336,97.133331,103.067329,103.067329
2020-07-16,98.477333,102.113998,97.73333,100.042664,100.042664
2020-07-17,100.896667,102.500664,99.333336,100.056,100.056
2020-07-20,101.267334,110,99.199997,109.533333,109.533333
2020-07-21,109.328667,111.666664,103.866669,104.557335,104.557335
2020-07-22,106.599998,108.428001,104.133331,106.155334,106.155334
2020-07-23,111.93,112.599998,98.718002,100.87133,100.87133
2020-07-24,94.400665,97.666664,91.102669,94.466667,94.466667
2020-07-27,95.666664,103.195999,94.199997,102.639999,102.639999
2020-07-28,100.26667,104.313332,98.29467,98.432671,98.432671
2020-07-29,100.066666,102.320663,99.133331,99.940666,99.940666
2020-07-30,99.199997,100.882668,98.066666,99.166,99.166
2020-07-31,101,101.136665,94.732002,95.384003,95.384003
2020-08-03,96.613335,100.653999,96.292,99,99
2020-08-04,99.667336,101.827332,97.466667,99.133331,99.133331
2020-08-05,99.532669,99.989334,97.887337,99.001335,99.001335
2020-08-06,99.388664,101.153999,98.484001,99.305336,99.305336
2020-08-07,99.96933,99.98333,94.334,96.847336,96.847336
2020-08-10,96.533333,97.166664,92.389336,94.571335,94.571335
2020-08-11,93.066666,94.666664,91,91.625999,91.625999
2020-08-12,98,105.666664,95.666664,103.650665,103.650665
2020-08-13,107.400002,110.078667,104.484001,108.066666,108.066666
2020-08-14,110.999336,111.253334,108.442665,110.047333,110.047333
2020-08-17,111.800003,123.057335,111.522003,122.375999,122.375999
2020-08-18,126.599335,128.259995,123.007332,125.806,125.806
2020-08-19,124.333336,127.400002,122.74733,125.235336,125.235336
2020-08-20,124.045334,134.799332,123.804001,133.455338,133.455338
2020-08-21,136.317337,139.699326,135.003326,136.665329,136.665329
2020-08-24,141.751999,141.933334,128.501328,134.279999,134.279999
2020-08-25,131.659332,135.196671,131.199997,134.889328,134.889328
2020-08-26,137.333328,144.399994,136.908661,143.544662,143.544662
2020-08-27,145.363998,153.039993,142.833328,149.25,149.25
2020-08-28,153.007996,154.565994,145.768005,147.559998,147.559998
2020-08-31,148.203339,166.713333,146.703339,166.106674,166.106674
2020-09-01,167.380005,167.496674,156.83667,158.350006,158.350006
2020-09-02,159.66333,159.679993,135.039993,149.123337,149.123337
2020-09-03,135.743332,143.933334,134,135.666672,135.666672
2020-09-04,134.270004,142.666672,124.006668,139.440002,139.440002
2020-09-08,118.666664,122.91333,109.959999,110.07,110.07
2020-09-09,118.866669,123,113.83667,122.09333,122.09333
2020-09-10,128.736664,132.996674,120.186668,123.779999,123.779999
2020-09-11,127.313332,127.5,120.166664,124.239998,124.239998
2020-09-14,126.98333,140,124.433334,139.873337,139.873337
2020-09-15,145.520004,153.979996,143.566666,149.919998,149.919998
2020-09-16,146.623337,152.596664,145.103333,147.253326,147.253326
2020-09-17,138.53334,145.929993,136,141.143326,141.143326
2020-09-18,149.313339,150.333328,142.933334,147.383331,147.383331
2020-09-21,151.043335,151.893326,135.690002,149.796661,149.796661
2020-09-22,143.199997,145.919998,139.199997,141.410004,141.410004
2020-09-23,135.053329,137.383331,125.293335,126.786667,126.786667
2020-09-24,121.26667,133.166672,117.099998,129.263336,129.263336
2020-09-25,131.156662,136.243332,130.433334,135.779999,135.779999
2020-09-28,141.539993,142.693329,138.516663,140.399994,140.399994
2020-09-29,138.666672,142.833328,137.199997,139.690002,139.690002
2020-09-30,140.440002,144.643326,140.156662,143.003326,143.003326
2020-10-01,146.919998,149.626663,144.806671,149.386673,149.386673
2020-10-02,140.463333,146.376663,138.333328,138.363327,138.363327
2020-10-05,141.116669,144.546661,139.776672,141.893326,141.893326
2020-10-06,141.263336,142.926666,135.350006,137.993332,137.993332
2020-10-07,139.956665,143.300003,137.949997,141.766663,141.766663
2020-10-08,146.146667,146.333328,141.766663,141.973328,141.973328
2020-10-09,143.376663,144.863327,142.153336,144.666672,144.666672
2020-10-12,147.333328,149.580002,146.193329,147.433334,147.433334
2020-10-13,147.78334,149.630005,145.53334,148.883331,148.883331
2020-10-14,149.926666,155.300003,149.116669,153.766663,153.766663
2020-10-15,150.103333,152.190002,147.5,149.626663,149.626663
2020-10-16,151.479996,151.983337,146.28334,146.556671,146.556671
2020-10-19,148.746674,149,142.956665,143.610001,143.610001
2020-10-20,143.916672,143.916672,139.683334,140.646667,140.646667
2020-10-21,140.899994,144.316666,140.416672,140.880005,140.880005
2020-10-22,147.306671,148.410004,141.503326,141.929993,141.929993
2020-10-23,140.613327,140.963333,135.793335,140.210007,140.210007
2020-10-26,137.210007,141.919998,136.666672,140.093338,140.093338
2020-10-27,141.253326,143.5,140.03334,141.559998,141.559998
2020-10-28,138.82666,139.53334,135.333328,135.339996,135.339996
2020-10-29,136.653336,139.353333,135.486664,136.943329,136.943329
2020-10-30,135.633331,135.863327,126.370003,129.346664,129.346664
2020-11-02,131.333328,135.660004,130.766663,133.503326,133.503326
2020-11-03,136.57666,142.589996,135.563339,141.300003,141.300003
2020-11-04,143.539993,145.133331,139.03334,140.32666,140.32666
2020-11-05,142.766663,146.666672,141.333328,146.029999,146.029999
2020-11-06,145.366669,145.523331,141.426666,143.316666,143.316666
2020-11-09,146.5,150.833328,140.333328,140.419998,140.419998
2020-11-10,140.029999,140.029999,132.009995,136.786667,136.786667
2020-11-11,138.816666,139.566666,136.860001,139.043335,139.043335
2020-11-12,138.350006,141,136.506668,137.253326,137.253326
2020-11-13,136.949997,137.509995,133.886673,136.166672,136.166672
2020-11-16,136.309998,137.483337,134.696671,136.029999,136.029999
2020-11-17,153.389999,154,144.33667,147.203339,147.203339
2020-11-18,149.449997,165.333328,147.833328,162.213333,162.213333
2020-11-19,164,169.536667,162.523331,166.42334,166.42334
2020-11-20,165.996674,167.5,163.020004,163.203339,163.203339
2020-11-23,167.833328,175.333328,167.263336,173.949997,173.949997
2020-11-24,180.133331,186.66333,175.399994,185.126663,185.126663
2020-11-25,183.353333,191.333328,181.789993,191.333328,191.333328
2020-11-27,193.720001,199.593338,192.816666,195.253326,195.253326
2020-11-30,200.736664,202.600006,184.83667,189.199997,189.199997
2020-12-01,199.196671,199.28334,190.683334,194.919998,194.919998
2020-12-02,185.479996,190.513336,180.403336,189.606674,189.606674
2020-12-03,196.67334,199.656662,194.143326,197.793335,197.793335
2020-12-04,197.003326,199.679993,195.166672,199.679993,199.679993
2020-12-07,201.639999,216.263336,201.016663,213.919998,213.919998
2020-12-08,208.503326,217.093338,206.166672,216.626663,216.626663
2020-12-09,217.896667,218.106674,196,201.493332,201.493332
2020-12-10,191.456665,209.25,188.779999,209.023331,209.023331
2020-12-11,205.003326,208,198.933334,203.330002,203.330002
2020-12-14,206.333328,214.25,203.399994,213.276672,213.276672
2020-12-15,214.426666,215.633331,207.933334,211.083328,211.083328
2020-12-16,209.410004,210.833328,201.666672,207.589996,207.589996
2020-12-17,209.396667,219.606674,206.5,218.633331,218.633331
2020-12-18,222.96666,231.666672,209.513336,231.666672,231.666672
2020-12-21,222.080002,222.833328,215.356674,216.619995,216.619995
2020-12-22,216,216.626663,204.743332,213.446671,213.446671
2020-12-23,210.733337,217.166672,207.523331,215.32666,215.32666
2020-12-24,214.330002,222.029999,213.666672,220.589996,220.589996
2020-12-28,224.83667,227.133331,220.266663,221.229996,221.229996
2020-12-29,220.333328,223.300003,218.333328,221.996674,221.996674
2020-12-30,224,232.199997,222.786667,231.593338,231.593338
2020-12-31,233.330002,239.573334,230.373337,235.223328,235.223328
2021-01-04,239.820007,248.16333,239.063339,243.256668,243.256668
2021-01-05,241.220001,246.946671,239.733337,245.036667,245.036667
2021-01-06,252.830002,258,249.699997,251.993332,251.993332
2021-01-07,259.209991,272.329987,258.399994,272.013336,272.013336
2021-01-08,285.333344,294.829987,279.463318,293.339996,293.339996
2021-01-11,283.133331,284.809998,267.873322,270.396667,270.396667
2021-01-12,277,289.333344,275.779999,283.146667,283.146667
2021-01-13,284.253326,286.823334,277.333344,284.803345,284.803345
2021-01-14,281.130005,287.666656,279.583344,281.666656,281.666656
2021-01-15,284,286.633331,273.033325,275.386658,275.386658
2021-01-19,279.266663,283.333344,277.666656,281.516663,281.516663
2021-01-20,286.246674,286.5,279.093323,283.483337,283.483337
2021-01-21,285,285.23999,280.473328,281.66333,281.66333
2021-01-22,278.103333,282.666656,276.206665,282.213318,282.213318
2021-01-25,285,300.133331,279.606659,293.600006,293.600006
2021-01-26,297.126678,298.633331,290.533325,294.363342,294.363342
2021-01-27,290.116669,297.166656,286.220001,288.053345,288.053345
2021-01-28,273.333344,282.666656,267,278.476654,278.476654
2021-01-29,276.666656,280.803345,260.033325,264.51001,264.51001
2021-02-01,271.429993,280.666656,265.186676,279.936676,279.936676
2021-02-02,281.559998,293.5,280.733337,290.929993,290.929993
2021-02-03,292.339996,292.693329,284.353333,284.896667,284.896667
2021-02-04,285,285.5,277.806671,283.329987,283.329987
2021-02-05,281.666656,288.256653,279.656677,284.07666,284.07666
2021-02-08,289.890015,292.589996,284.916656,287.806671,287.806671
2021-02-09,285.040009,286.600006,280.583344,283.15332,283.15332
2021-02-10,281.213318,281.606659,266.67334,268.273346,268.273346
2021-02-11,270.813324,276.626678,267.243347,270.553345,270.553345
2021-02-12,267.08667,272.443329,261.776672,272.040009,272.040009
2021-02-16,272.666656,273.666656,264.146667,265.406677,265.406677
2021-02-17,259.696655,266.613342,254.003326,266.049988,266.049988
2021-02-18,260.299988,264.896667,258.756653,262.459991,262.459991
2021-02-19,265,265.59668,259.123322,260.433319,260.433319
2021-02-22,254.213333,256.166656,236.733337,238.166672,238.166672
2021-02-23,220.710007,237.869995,206.333328,232.946671,232.946671
2021-02-24,237.28334,248.333328,231.389999,247.339996,247.339996
2021-02-25,242.050003,245.736664,223.526672,227.406662,227.406662
2021-02-26,233.333328,235.566666,219.83667,225.166672,225.166672
2021-03-01,230.036667,239.666672,228.350006,239.476669,239.476669
2021-03-02,239.426666,240.369995,228.333328,228.813339,228.813339
2021-03-03,229.330002,233.566666,217.236664,217.733337,217.733337
2021-03-04,218.600006,222.816666,200,207.146667,207.146667
2021-03-05,208.686661,209.279999,179.830002,199.316666,199.316666
2021-03-08,200.183334,206.710007,186.263336,187.666672,187.666672
2021-03-09,202.726669,226.029999,198.403336,224.526672,224.526672
2021-03-10,233.433334,239.28334,218.353333,222.686661,222.686661
2021-03-11,233.133331,234.166672,225.726669,233.199997,233.199997
2021-03-12,223.333328,231.626663,222.046661,231.243332,231.243332
2021-03-15,231.363327,237.726669,228.013336,235.979996,235.979996
2021-03-16,234.449997,235.973328,223.666672,225.626663,225.626663
2021-03-17,218.956665,234.57666,217.003326,233.936661,233.936661
2021-03-18,228.096664,229.743332,217.333328,217.720001,217.720001
2021-03-19,215.53334,219.07666,208.206665,218.289993,218.289993
2021-03-22,228.196671,233.206665,222.916672,223.333328,223.333328
2021-03-23,225.256668,225.933334,219.169998,220.720001,220.720001
2021-03-24,222.636673,222.67334,210.036667,210.089996,210.089996
2021-03-25,204.333328,215.166672,203.166672,213.463333,213.463333
2021-03-26,213.956665,214.606674,199.963333,206.236664,206.236664
2021-03-29,205.213333,205.493332,198.67334,203.763336,203.763336
2021-03-30,200.583328,212.553329,197.003326,211.873337,211.873337
2021-03-31,215.539993,224,213.703339,222.643326,222.643326
2021-04-01,229.456665,230.806671,219.806671,220.583328,220.583328
2021-04-05,235.903336,236.053329,228.233337,230.350006,230.350006
2021-04-06,230.100006,232.183334,227.123337,230.539993,230.539993
2021-04-07,229,230.460007,222.613327,223.656662,223.656662
2021-04-08,225.793335,229.850006,223.883331,227.933334,227.933334
2021-04-09,225.92334,226.990005,223.143326,225.67334,225.67334
2021-04-12,228.566666,234.933334,227.363327,233.993332,233.993332
2021-04-13,237.566666,254.333328,236.886673,254.106674,254.106674
2021-04-14,256.899994,260.263336,242.676666,244.07666,244.07666
2021-04-15,247.699997,247.896667,240.436661,246.28334,246.28334
2021-04-16,242.883331,249.803329,241.53334,246.593338,246.593338
2021-04-19,239.866669,241.800003,230.600006,238.210007,238.210007
2021-04-20,239.139999,245.75,236.896667,239.66333,239.66333
2021-04-21,234.92334,248.279999,232.666672,248.039993,248.039993
2021-04-22,247.166672,251.256668,239.346664,239.896667,239.896667
2021-04-23,239.933334,245.786667,238.486664,243.133331,243.133331
2021-04-26,247,249.766663,244.203339,246.066666,246.066666
2021-04-27,239.320007,241.333328,234.449997,234.91333,234.91333
2021-04-28,232.136673,236.166672,231.199997,231.46666,231.46666
2021-04-29,233.169998,234.083328,222.833328,225.666672,225.666672
2021-04-30,222.529999,238.490005,222.046661,236.479996,236.479996
2021-05-03,234.600006,235.333328,226.833328,228.300003,228.300003
2021-05-04,226.313339,227.816666,219.233337,224.53334,224.53334
2021-05-05,227.020004,228.433334,222.446671,223.646667,223.646667
2021-05-06,226.919998,227.006668,216.666672,221.179993,221.179993
2021-05-07,221.933334,230,220.073334,224.123337,224.123337
2021-05-10,221.633331,221.683334,209.203339,209.679993,209.679993
2021-05-11,199.746674,209.03334,198.53334,205.733337,205.733337
2021-05-12,200.830002,206.803329,195.589996,196.630005,196.630005
2021-05-13,200.513336,202.153336,186.550003,190.563339,190.563339
2021-05-14,194.470001,197.623337,190.153336,196.580002,196.580002
2021-05-17,191.850006,196.57666,187.066666,192.276672,192.276672
2021-05-18,189.333328,198.75,187.793335,192.623337,192.623337
2021-05-19,184.183334,188.736664,182.32666,187.820007,187.820007
2021-05-20,191.666672,196.28334,190.356674,195.593338,195.593338
2021-05-21,198.703339,198.893326,193.333328,193.626663,193.626663
2021-05-24,193.866669,204.82666,191.21666,202.146667,202.146667
2021-05-25,202.436661,204.66333,198.570007,201.563339,201.563339
2021-05-26,202.520004,208.723328,200.5,206.376663,206.376663
2021-05-27,206.746674,210.376663,205.403336,210.28334,210.28334
2021-05-28,209.5,211.863327,207.460007,208.406662,208.406662
2021-06-01,209.266663,211.266663,206.850006,207.96666,207.96666
2021-06-02,206.710007,207.786667,199.713333,201.706665,201.706665
2021-06-03,200.600006,201.516663,190.406662,190.946671,190.946671
2021-06-04,193.236664,200.203339,192.399994,199.683334,199.683334
2021-06-07,197.276672,203.333328,194.293335,201.710007,201.710007
2021-06-08,207.669998,207.696671,198.5,201.196671,201.196671
2021-06-09,200.723328,203.929993,199.210007,199.593338,199.593338
2021-06-10,201.293335,205.529999,200.166672,203.373337,203.373337
2021-06-11,203.410004,204.186661,200.506668,203.296661,203.296661
2021-06-14,204.07666,208.496674,203.059998,205.896667,205.896667
2021-06-15,205.563339,205.596664,199.410004,199.786667,199.786667
2021-06-16,199.179993,202.833328,197.833328,201.623337,201.623337
2021-06-17,200.630005,207.156662,200.446671,205.53334,205.53334
2021-06-18,204.456665,209.449997,203.933334,207.770004,207.770004
2021-06-21,208.160004,210.463333,202.960007,206.943329,206.943329
2021-06-22,206.083328,209.523331,205.166672,207.903336,207.903336
2021-06-23,210.666672,219.066666,210.013336,218.856674,218.856674
2021-06-24,224.996674,232.539993,222.536667,226.606674,226.606674
2021-06-25,229.860001,231.270004,222.899994,223.956665,223.956665
2021-06-28,223.880005,231.566666,223.440002,229.573334,229.573334
2021-06-29,228.21666,229.169998,225.296661,226.919998,226.919998
2021-06-30,226.589996,230.936661,226.046661,226.566666,226.566666
2021-07-01,227.973328,229.330002,224.266663,225.973328,225.973328
2021-07-02,226.32666,233.333328,224.419998,226.300003,226.300003
2021-07-06,227.236664,228,217.133331,219.860001,219.860001
2021-07-07,221.42334,221.899994,212.773331,214.883331,214.883331
2021-07-08,209.456665,218.143326,206.820007,217.603333,217.603333
2021-07-09,217.726669,219.636673,214.896667,218.983337,218.983337
2021-07-12,220.733337,229.080002,220.720001,228.566666,228.566666
2021-07-13,228.773331,231.093338,222.100006,222.846664,222.846664
2021-07-14,223.583328,226.203339,217.613327,217.793335,217.793335
2021-07-15,219.463333,222.046661,212.626663,216.866669,216.866669
2021-07-16,218.226669,218.899994,214.066666,214.740005,214.740005
2021-07-19,209.963333,215.733337,207.096664,215.406662,215.406662
2021-07-20,217.330002,220.796661,213.5,220.166672,220.166672
2021-07-21,219.869995,221.619995,216.763336,218.429993,218.429993
2021-07-22,218.813339,220.723328,214.866669,216.419998,216.419998
2021-07-23,215.453339,216.266663,212.433334,214.460007,214.460007
2021-07-26,216.990005,222.733337,215.703339,219.206665,219.206665
2021-07-27,221.133331,222.166672,209.080002,214.926666,214.926666
2021-07-28,215.666672,218.323334,213.133331,215.660004,215.660004
2021-07-29,216.596664,227.896667,216.266663,225.78334,225.78334
2021-07-30,223.919998,232.509995,223,229.066666,229.066666
2021-08-02,233.333328,242.313339,232.800003,236.556671,236.556671
2021-08-03,239.666672,240.883331,233.669998,236.580002,236.580002
2021-08-04,237,241.633331,236.309998,236.973328,236.973328
2021-08-05,238.666672,240.316666,237.136673,238.210007,238.210007
2021-08-06,237.300003,238.776672,232.543335,233.03334,233.03334
2021-08-09,236.723328,239.676666,235.043335,237.919998,237.919998
2021-08-10,237.996674,238.863327,233.960007,236.66333,236.66333
2021-08-11,237.570007,238.393326,234.736664,235.940002,235.940002
2021-08-12,235.446671,240.933334,233.133331,240.75,240.75
2021-08-13,241.236664,243.300003,238.113327,239.056671,239.056671
2021-08-16,235.023331,236.5,225.46666,228.723328,228.723328
2021-08-17,224.220001,224.860001,216.279999,221.903336,221.903336
2021-08-18,223.25,231.92334,223.116669,229.66333,229.66333
2021-08-19,226.070007,228.850006,222.529999,224.490005,224.490005
2021-08-20,227.616669,230.710007,224.566666,226.753326,226.753326
2021-08-23,228.479996,237.376663,226.916672,235.433334,235.433334
2021-08-24,236.893326,238.406662,234.213333,236.16333,236.16333
2021-08-25,235.676666,238.990005,234.666672,237.066666,237.066666
2021-08-26,236.103333,238.46666,232.539993,233.720001,233.720001
2021-08-27,235,238.333328,234.03334,237.306671,237.306671
2021-08-30,238.240005,243.666672,237.57666,243.636673,243.636673
2021-08-31,244.333328,246.796661,242.146667,245.240005,245.240005
2021-09-01,244.693329,247.330002,243.756668,244.696671,244.696671
2021-09-02,244.833328,246.990005,243.513336,244.130005,244.130005
2021-09-03,244.083328,244.666672,241.399994,244.523331,244.523331
2021-09-07,246.666672,253.399994,246.419998,250.973328,250.973328
2021-09-08,253.860001,254.816666,246.92334,251.289993,251.289993
2021-09-09,251.136673,254.03334,250.543335,251.619995,251.619995
2021-09-10,253.199997,254.203339,244.839996,245.42334,245.42334
2021-09-13,246.736664,248.259995,236.28334,247.666672,247.666672
2021-09-14,247.523331,251.490005,245.46666,248.16333,248.16333
2021-09-15,248.333328,252.286667,246.119995,251.943329,251.943329
2021-09-16,250.943329,252.970001,249.203339,252.330002,252.330002
2021-09-17,252.383331,253.679993,250,253.16333,253.16333
2021-09-20,244.853333,247.333328,239.539993,243.389999,243.389999
2021-09-21,244.929993,248.246674,243.479996,246.460007,246.460007
2021-09-22,247.843338,251.223328,246.373337,250.646667,250.646667
2021-09-23,251.666672,252.733337,249.306671,251.213333,251.213333
2021-09-24,248.630005,258.266663,248.186661,258.130005,258.130005
2021-09-27,257.706665,266.333344,256.436676,263.786682,263.786682
2021-09-28,262.399994,265.213318,255.393326,259.186676,259.186676
2021-09-29,259.933319,264.5,256.893341,260.436676,260.436676
2021-09-30,260.333344,263.043335,258.333344,258.493347,258.493347
2021-10-01,259.466675,260.26001,254.529999,258.406677,258.406677
2021-10-04,265.5,268.98999,258.706665,260.51001,260.51001
2021-10-05,261.600006,265.769989,258.066681,260.196655,260.196655
2021-10-06,258.733337,262.220001,257.73999,260.916656,260.916656
2021-10-07,261.820007,268.333344,261.126678,264.536682,264.536682
2021-10-08,265.40332,265.459991,260.303345,261.829987,261.829987
2021-10-11,262.549988,267.079987,261.833344,263.980011,263.980011
2021-10-12,266.976654,270.773346,265.523346,268.573334,268.573334
2021-10-13,270.156677,271.803345,268.593323,270.359985,270.359985
2021-10-14,271.829987,273.416656,271.116669,272.773346,272.773346
2021-10-15,274.579987,281.070007,274.116669,281.01001,281.01001
2021-10-18,283.929993,291.753326,283.823334,290.036682,290.036682
2021-10-19,292.51001,292.649994,287.503326,288.089996,288.089996
2021-10-20,288.450012,289.829987,285.793335,288.600006,288.600006
2021-10-21,285.333344,300,285.166656,298,298
2021-10-22,298.5,303.333344,296.986664,303.226654,303.226654
2021-10-25,316.843323,348.339996,314.733337,341.619995,341.619995
2021-10-26,341.563324,364.980011,333.813324,339.476654,339.476654
2021-10-27,346.553345,356.959991,343.593323,345.953339,345.953339
2021-10-28,356.103333,360.333344,351.399994,359.013336,359.013336
2021-10-29,360.619995,371.736664,357.736664,371.333344,371.333344
2021-11-01,381.666656,403.25,372.886658,402.863342,402.863342
2021-11-02,386.453339,402.863342,382,390.666656,390.666656
2021-11-03,392.443329,405.130005,384.206665,404.619995,404.619995
2021-11-04,411.470001,414.496674,405.666656,409.970001,409.970001
2021-11-05,409.333344,413.290009,402.666656,407.363342,407.363342
2021-11-08,383.263336,399,377.666656,387.646667,387.646667
2021-11-09,391.200012,391.5,337.17334,341.166656,341.166656
2021-11-10,336.803345,359.366669,329.103333,355.983337,355.983337
2021-11-11,367.589996,368.323334,351.559998,354.503326,354.503326
2021-11-12,349.166656,351.5,339.733337,344.473328,344.473328
2021-11-15,339.209991,343.993347,326.200012,337.796661,337.796661
2021-11-16,334.436676,352.399994,334.059998,351.57666,351.57666
2021-11-17,354.503326,373.213318,351.833344,363.003326,363.003326
2021-11-18,368.850006,370.666656,358.339996,365.459991,365.459991
2021-11-19,366.290009,379.573334,364.233337,379.019989,379.019989
2021-11-22,387.443329,400.649994,377.476654,385.623322,385.623322
2021-11-23,389.170013,393.5,354.233337,369.676666,369.676666
2021-11-24,360.130005,377.589996,354,372,372
2021-11-26,366.48999,369.593323,360.333344,360.640015,360.640015
2021-11-29,366.996674,380.890015,366.730011,378.996674,378.996674
2021-11-30,381.456665,389.333344,372.666656,381.58667,381.58667
2021-12-01,386.899994,390.946655,363.58667,365,365
2021-12-02,366.353333,371,352.216675,361.533325,361.533325
2021-12-03,361.59668,363.526672,333.40332,338.323334,338.323334
2021-12-06,333.83667,340.546661,316.833344,336.33667,336.33667
2021-12-07,348.066681,352.556671,342.269989,350.583344,350.583344
2021-12-08,350.90332,357.459991,344.333344,356.320007,356.320007
2021-12-09,353.546661,354.16333,334.119995,334.600006,334.600006
2021-12-10,336.25,340.32666,327.51001,339.01001,339.01001
2021-12-13,333.696655,335,317.140015,322.136658,322.136658
2021-12-14,315,322.136658,310,319.503326,319.503326
2021-12-15,317.736664,326.25,309.416656,325.329987,325.329987
2021-12-16,331.5,331.660004,307.283325,308.973328,308.973328
2021-12-17,304.92334,320.220001,303.013336,310.856659,310.856659
2021-12-20,303.566681,307.230011,297.796661,299.980011,299.980011
2021-12-21,305.623322,313.166656,295.373322,312.843323,312.843323
2021-12-22,321.886658,338.553345,319.016663,336.290009,336.290009
2021-12-23,335.600006,357.660004,332.519989,355.666656,355.666656
2021-12-27,357.890015,372.333344,356.906677,364.646667,364.646667
2021-12-28,369.829987,373,359.473328,362.823334,362.823334
2021-12-29,366.213318,368,354.713318,362.063324,362.063324
2021-12-30,353.776672,365.183319,351.049988,356.779999,356.779999
2021-12-31,357.813324,360.666656,351.529999,352.26001,352.26001
2022-01-03,382.583344,400.356659,378.679993,399.926666,399.926666
2022-01-04,396.516663,402.666656,374.350006,383.196655,383.196655
2022-01-05,382.216675,390.113342,360.33667,362.706665,362.706665
2022-01-06,359,362.666656,340.166656,354.899994,354.899994
2022-01-07,360.123322,360.309998,336.666656,342.320007,342.320007
2022-01-10,333.333344,353.033325,326.666656,352.706665,352.706665
2022-01-11,351.223328,358.616669,346.273346,354.799988,354.799988
2022-01-12,359.616669,371.613342,357.529999,368.73999,368.73999
2022-01-13,369.690002,371.866669,342.179993,343.853333,343.853333
2022-01-14,339.959991,350.666656,337.793335,349.869995,349.869995
2022-01-18,342.203339,356.929993,338.686676,343.503326,343.503326
2022-01-19,347.236664,351.556671,331.666656,331.883331,331.883331
2022-01-20,336.57666,347.220001,331.333344,332.089996,332.089996
2022-01-21,332.113342,334.850006,313.5,314.633331,314.633331
2022-01-24,301.58667,311.170013,283.823334,310,310
2022-01-25,304.733337,317.08667,301.070007,306.133331,306.133331
2022-01-26,317.476654,329.230011,302,312.470001,312.470001
2022-01-27,311.119995,311.796661,276.333344,276.366669,276.366669
2022-01-28,277.186676,285.833344,264.003326,282.116669,282.116669
2022-01-31,290.90332,312.66333,287.350006,312.23999,312.23999
2022-02-01,311.736664,314.566681,301.666656,310.416656,310.416656
2022-02-02,309.393341,310.5,296.470001,301.886658,301.886658
2022-02-03,294,312.333344,293.506653,297.046661,297.046661
2022-02-04,299.073334,312.166656,293.723328,307.773346,307.773346
2022-02-07,307.929993,315.92334,300.90332,302.446655,302.446655
2022-02-08,301.843323,308.763336,298.266663,307.333344,307.333344
2022-02-09,311.666656,315.42334,306.666656,310.666656,310.666656
2022-02-10,302.790009,314.603333,298.899994,301.516663,301.516663
2022-02-11,303.209991,305.320007,283.566681,286.666656,286.666656
2022-02-14,287.190002,299.626678,284.383331,291.920013,291.920013
2022-02-15,300,307.666656,297.793335,307.476654,307.476654
2022-02-16,304.683319,308.809998,300.40332,307.796661,307.796661
2022-02-17,304.420013,306.166656,291.366669,292.116669,292.116669
2022-02-18,295.333344,295.623322,279.203339,285.660004,285.660004
2022-02-22,278.043335,285.57666,267.033325,273.843323,273.843323
2022-02-23,276.809998,278.433319,253.520004,254.679993,254.679993
2022-02-24,233.463333,267.493347,233.333328,266.92334,266.92334
2022-02-25,269.743347,273.166656,260.799988,269.956665,269.956665
2022-02-28,271.670013,292.286682,271.570007,290.143341,290.143341
2022-03-01,289.893341,296.626678,284.593323,288.123322,288.123322
2022-03-02,290.709991,295.493347,281.42334,293.296661,293.296661
2022-03-03,292.92334,295.480011,277.533325,279.763336,279.763336
2022-03-04,283.033325,285.216675,275.053345,279.429993,279.429993
2022-03-07,285.433319,288.713318,268.190002,268.193329,268.193329
2022-03-08,265.176666,283.329987,260.723328,274.799988,274.799988
2022-03-09,279.82666,286.853333,277.33667,286.323334,286.323334
2022-03-10,283.816681,284.816681,270.119995,279.433319,279.433319
2022-03-11,280.066681,281.266663,264.589996,265.116669,265.116669
2022-03-14,260.203339,266.899994,252.013336,255.456665,255.456665
2022-03-15,258.42334,268.523346,252.190002,267.296661,267.296661
2022-03-16,269.666656,280.666656,267.420013,280.07666,280.07666
2022-03-17,276.996674,291.666656,275.23999,290.533325,290.533325
2022-03-18,291.496674,302.616669,289.130005,301.796661,301.796661
2022-03-21,304.993347,314.283325,302.363342,307.053345,307.053345
2022-03-22,310,332.619995,307.25,331.32666,331.32666
2022-03-23,326.646667,346.899994,325.466675,333.036682,333.036682
2022-03-24,336.57666,341.496674,329.600006,337.973328,337.973328
2022-03-25,336,340.600006,332.440002,336.880005,336.880005
2022-03-28,355.033325,365.959991,351.200012,363.946655,363.946655
2022-03-29,369.329987,371.589996,357.703339,366.523346,366.523346
2022-03-30,363.723328,371.316681,361.333344,364.66333,364.66333
2022-03-31,364.856659,367.713318,358.880005,359.200012,359.200012
2022-04-01,360.383331,364.916656,355.546661,361.529999,361.529999
2022-04-04,363.126678,383.303345,357.51001,381.816681,381.816681
2022-04-05,378.766663,384.290009,362.433319,363.753326,363.753326
2022-04-06,357.823334,359.666656,342.566681,348.58667,348.58667
2022-04-07,350.796661,358.863342,340.513336,352.420013,352.420013
2022-04-08,347.736664,349.480011,340.813324,341.829987,341.829987
2022-04-11,326.799988,336.156677,324.880005,325.309998,325.309998
2022-04-12,332.546661,340.396667,325.533325,328.983337,328.983337
2022-04-13,327.026672,342.079987,324.366669,340.790009,340.790009
2022-04-14,333.09668,337.570007,327.396667,328.333344,328.333344
2022-04-18,329.676666,338.306671,324.470001,334.763336,334.763336
2022-04-19,335.019989,344.980011,331.776672,342.716675,342.716675
2022-04-20,343.333344,344.666656,325.083344,325.733337,325.733337
2022-04-21,358.243347,364.073334,332.140015,336.26001,336.26001
2022-04-22,338.303345,344.950012,331.333344,335.016663,335.016663
2022-04-25,326.323334,336.206665,325.100006,332.67334,332.67334
2022-04-26,331.809998,333.333344,291.666656,292.140015,292.140015
2022-04-27,299.526672,306,292.453339,293.83667,293.83667
2022-04-28,299.993347,300,273.899994,292.503326,292.503326
2022-04-29,300.75,311.466675,290,290.253326,290.253326
2022-05-02,286.92334,302.119995,282.676666,300.980011,300.980011
2022-05-03,301.059998,308.026672,296.196655,303.083344,303.083344
2022-05-04,301.313324,318.5,295.093323,317.540009,317.540009
2022-05-05,313.006653,315.200012,285.899994,291.093323,291.093323
2022-05-06,295.666656,296,281.036682,288.549988,288.549988
2022-05-09,278.816681,281.876678,260.383331,262.369995,262.369995
2022-05-10,273.103333,275.119995,258.083344,266.679993,266.679993
2022-05-11,265,269.92334,242.399994,244.666672,244.666672
2022-05-12,233.666672,253.220001,226.666672,242.666672,242.666672
2022-05-13,257.82666,262.450012,250.523331,256.529999,256.529999
2022-05-16,255.720001,256.58667,239.696671,241.456665,241.456665
2022-05-17,249.119995,254.82666,242.949997,253.869995,253.869995
2022-05-18,248.17334,253.5,233.603333,236.603333,236.603333
2022-05-19,235.666672,244.666672,231.369995,236.473328,236.473328
2022-05-20,237.996674,240.526672,211,221.300003,221.300003
2022-05-23,218.339996,226.653336,212.686661,224.96666,224.96666
2022-05-24,217.843338,217.973328,206.856674,209.386673,209.386673
2022-05-25,207.949997,223.106674,207.669998,219.600006,219.600006
2022-05-26,220.473328,239.556671,217.886673,235.910004,235.910004
2022-05-27,241.083328,253.266663,240.176666,253.210007,253.210007
2022-05-31,257.946655,259.600006,244.743332,252.753326,252.753326
2022-06-01,251.720001,257.32666,243.639999,246.789993,246.789993
2022-06-02,244.156662,264.209991,242.066666,258.333344,258.333344
2022-06-03,243.226669,247.796661,233.416672,234.516663,234.516663
2022-06-06,244.353333,244.866669,234.350006,238.279999,238.279999
2022-06-07,234,239.996674,230.093338,238.886673,238.886673
2022-06-08,240.08667,249.963333,239.176666,241.866669,241.866669
2022-06-09,249.339996,255.546661,239.32666,239.706665,239.706665
2022-06-10,235.156662,239.5,227.91333,232.229996,232.229996
2022-06-13,223.166672,226.633331,214.683334,215.736664,215.736664
2022-06-14,218.286667,226.330002,211.736664,220.889999,220.889999
2022-06-15,220.916672,235.66333,218.149994,233,233
2022-06-16,222.736664,225.166672,208.693329,213.100006,213.100006
2022-06-17,213.433334,220.970001,213.196671,216.759995,216.759995
2022-06-21,224.603333,243.57666,224.333328,237.036667,237.036667
2022-06-22,234.503326,246.833328,233.82666,236.08667,236.08667
2022-06-23,237.906662,239.316666,228.636673,235.070007,235.070007
2022-06-24,237.470001,246.066666,236.08667,245.706665,245.706665
2022-06-27,249.366669,252.070007,242.566666,244.919998,244.919998
2022-06-28,244.483337,249.970001,232.343338,232.66333,232.66333
2022-06-29,230.5,231.17334,222.273331,228.490005,228.490005
2022-06-30,224.509995,229.456665,218.863327,224.473328,224.473328
2022-07-01,227,230.229996,222.119995,227.263336,227.263336
2022-07-05,223,233.146667,216.166672,233.066666,233.066666
2022-07-06,230.779999,234.563339,227.186661,231.733337,231.733337
2022-07-07,233.919998,245.363327,232.210007,244.543335,244.543335
2022-07-08,242.333328,254.979996,241.160004,250.763336,250.763336
2022-07-11,252.103333,253.063339,233.626663,234.343338,234.343338
2022-07-12,236.846664,239.773331,228.369995,233.070007,233.070007
2022-07-13,225.5,242.059998,225.03334,237.039993,237.039993
2022-07-14,234.896667,238.653336,229.333328,238.313339,238.313339
2022-07-15,240,243.623337,236.889999,240.066666,240.066666
2022-07-18,244.936661,250.516663,239.603333,240.546661,240.546661
2022-07-19,245,247.139999,236.976669,245.529999,245.529999
2022-07-20,246.78334,250.66333,243.483337,247.5,247.5
2022-07-21,255.106674,273.266663,254.866669,271.706665,271.706665
2022-07-22,276.220001,280.786682,270.713318,272.243347,272.243347
2022-07-25,272.216675,274.146667,267.399994,268.433319,268.433319
2022-07-26,266.513336,267.309998,256.263336,258.859985,258.859985
2022-07-27,263.809998,275.926666,261.790009,274.820007,274.820007
2022-07-28,280.066681,283.299988,272.799988,280.899994,280.899994
2022-07-29,280.700012,298.320007,279.100006,297.149994,297.149994
2022-08-01,301.276672,311.876678,295,297.276672,297.276672
2022-08-02,294.003326,307.833344,292.666656,300.58667,300.58667
2022-08-03,305,309.549988,301.149994,307.396667,307.396667
2022-08-04,311,313.606659,305,308.633331,308.633331
2022-08-05,302.670013,304.606659,285.543335,288.170013,288.170013
2022-08-08,295,305.200012,289.08667,290.42334,290.42334
2022-08-09,290.293335,292.396667,279.353333,283.333344,283.333344
2022-08-10,297.066681,297.51001,283.369995,294.356659,294.356659
2022-08-11,296.513336,298.236664,285.833344,286.630005,286.630005
2022-08-12,289.416656,300.160004,285.033325,300.029999,300.029999
2022-08-15,301.786682,313.133331,301.230011,309.320007,309.320007
2022-08-16,311.666656,314.666656,302.883331,306.563324,306.563324
2022-08-17,303.396667,309.656677,300.033325,303.996674,303.996674
2022-08-18,306,306.5,301.853333,302.869995,302.869995
2022-08-19,299,300.359985,292.5,296.666656,296.666656
2022-08-22,291.91333,292.399994,286.296661,289.91333,289.91333
2022-08-23,291.453339,298.82666,287.92334,296.453339,296.453339
2022-08-24,297.563324,303.646667,296.5,297.09668,297.09668
2022-08-25,302.359985,302.959991,291.600006,296.070007,296.070007
2022-08-26,297.429993,302,287.470001,288.089996,288.089996
2022-08-29,282.829987,287.73999,280.700012,284.820007,284.820007
2022-08-30,287.869995,288.480011,272.649994,277.700012,277.700012
2022-08-31,280.619995,281.25,271.809998,275.609985,275.609985
2022-09-01,272.579987,277.579987,266.149994,277.160004,277.160004
2022-09-02,281.070007,282.350006,269.079987,270.209991,270.209991
2022-09-06,272.679993,275.98999,265.73999,274.420013,274.420013
2022-09-07,273.100006,283.839996,272.269989,283.700012,283.700012
2022-09-08,281.299988,289.5,279.76001,289.26001,289.26001
2022-09-09,291.670013,299.850006,291.25,299.679993,299.679993
2022-09-12,300.720001,305.48999,300.399994,304.420013,304.420013
2022-09-13,292.899994,297.399994,290.399994,292.130005,292.130005
2022-09-14,292.23999,306,291.640015,302.609985,302.609985
2022-09-15,301.829987,309.119995,300.720001,303.75,303.75
2022-09-16,299.609985,303.709991,295.600006,303.350006,303.350006
2022-09-19,300.089996,309.839996,297.799988,309.070007,309.070007
2022-09-20,306.910004,313.329987,305.579987,308.730011,308.730011
2022-09-21,308.290009,313.799988,300.630005,300.799988,300.799988
2022-09-22,299.859985,301.290009,285.820007,288.589996,288.589996
2022-09-23,283.089996,284.5,272.820007,275.329987,275.329987
2022-09-26,271.829987,284.089996,270.309998,276.01001,276.01001
2022-09-27,283.839996,288.670013,277.51001,282.940002,282.940002
2022-09-28,283.079987,289,277.570007,287.809998,287.809998
2022-09-29,282.76001,283.649994,265.779999,268.209991,268.209991
2022-09-30,266.149994,275.570007,262.470001,265.25,265.25
2022-10-03,254.5,255.160004,241.009995,242.399994,242.399994
2022-10-04,250.520004,257.5,242.009995,249.440002,249.440002
2022-10-05,245.009995,246.669998,233.270004,240.809998,240.809998
2022-10-06,239.440002,244.580002,235.350006,238.130005,238.130005
2022-10-07,233.940002,234.570007,222.020004,223.070007,223.070007
2022-10-10,223.929993,226.990005,218.360001,222.960007,222.960007
2022-10-11,220.949997,225.75,215,216.5,216.5
2022-10-12,215.330002,219.300003,211.509995,217.240005,217.240005
2022-10-13,208.300003,222.990005,206.220001,221.720001,221.720001
2022-10-14,224.009995,226.259995,204.160004,204.990005,204.990005
2022-10-17,210.039993,221.860001,209.449997,219.350006,219.350006
2022-10-18,229.5,229.820007,217.25,220.190002,220.190002
2022-10-19,219.800003,222.929993,217.779999,222.039993,222.039993
2022-10-20,208.279999,215.550003,202,207.279999,207.279999
2022-10-21,206.419998,214.660004,203.800003,214.440002,214.440002
2022-10-24,205.820007,213.5,198.589996,211.25,211.25
2022-10-25,210.100006,224.350006,210,222.419998,222.419998
2022-10-26,219.399994,230.600006,218.199997,224.639999,224.639999
2022-10-27,229.770004,233.809998,222.850006,225.089996,225.089996
2022-10-28,225.399994,228.860001,216.350006,228.520004,228.520004
2022-10-31,226.190002,229.850006,221.940002,227.539993,227.539993
2022-11-01,234.050003,237.399994,227.279999,227.820007,227.820007
2022-11-02,226.039993,227.869995,214.820007,214.979996,214.979996
2022-11-03,211.360001,221.199997,210.139999,215.309998,215.309998
2022-11-04,222.600006,223.800003,203.080002,207.470001,207.470001
2022-11-07,208.649994,208.899994,196.660004,197.080002,197.080002
2022-11-08,194.020004,195.199997,186.75,191.300003,191.300003
2022-11-09,190.779999,195.889999,177.119995,177.589996,177.589996
2022-11-10,189.899994,191,180.029999,190.720001,190.720001
2022-11-11,186,196.520004,182.589996,195.970001,195.970001
2022-11-14,192.770004,195.729996,186.339996,190.949997,190.949997
2022-11-15,195.880005,200.820007,192.059998,194.419998,194.419998
2022-11-16,191.509995,192.570007,185.660004,186.919998,186.919998
2022-11-17,183.960007,186.160004,180.899994,183.169998,183.169998
2022-11-18,185.050003,185.190002,176.550003,180.190002,180.190002
2022-11-21,175.850006,176.770004,167.539993,167.869995,167.869995
2022-11-22,168.630005,170.919998,166.190002,169.910004,169.910004
2022-11-23,173.570007,183.619995,172.5,183.199997,183.199997
2022-11-25,185.059998,185.199997,180.630005,182.860001,182.860001
2022-11-28,179.960007,188.5,179,182.919998,182.919998
2022-11-29,184.990005,186.380005,178.75,180.830002,180.830002
2022-11-30,182.429993,194.759995,180.630005,194.699997,194.699997
2022-12-01,197.080002,198.919998,191.800003,194.699997,194.699997
2022-12-02,191.779999,196.25,191.110001,194.860001,194.860001
2022-12-05,189.440002,191.270004,180.550003,182.449997,182.449997
2022-12-06,181.220001,183.649994,175.330002,179.820007,179.820007
2022-12-07,175.029999,179.380005,172.220001,174.039993,174.039993
2022-12-08,172.199997,175.199997,169.059998,173.440002,173.440002
2022-12-09,173.839996,182.5,173.360001,179.050003,179.050003
2022-12-12,176.100006,177.369995,167.520004,167.820007,167.820007
2022-12-13,174.869995,175.050003,156.910004,160.949997,160.949997
2022-12-14,159.25,161.619995,155.309998,156.800003,156.800003
2022-12-15,153.440002,160.929993,153.279999,157.669998,157.669998
2022-12-16,159.639999,160.990005,150.039993,150.229996,150.229996
2022-12-19,154,155.25,145.820007,149.869995,149.869995
2022-12-20,146.050003,148.470001,137.660004,137.800003,137.800003
2022-12-21,139.339996,141.259995,135.889999,137.570007,137.570007
2022-12-22,136,136.630005,122.260002,125.349998,125.349998
2022-12-23,126.370003,128.619995,121.019997,123.150002,123.150002
2022-12-27,117.5,119.669998,108.760002,109.099998,109.099998
2022-12-28,110.349998,116.269997,108.239998,112.709999,112.709999
2022-12-29,120.389999,123.57,117.5,121.82,121.82
2022-12-30,119.949997,124.480003,119.75,123.18,123.18
2023-01-03,118.470001,118.800003,104.639999,108.099998,108.099998
2023-01-04,109.110001,114.589996,107.519997,113.639999,113.639999
2023-01-05,110.510002,111.75,107.160004,110.339996,110.339996
2023-01-06,103,114.389999,101.809998,113.059998,113.059998
2023-01-09,118.959999,123.519997,117.110001,119.769997,119.769997
2023-01-10,121.07,122.760002,114.919998,118.849998,118.849998
2023-01-11,122.089996,125.949997,120.510002,123.220001,123.220001
2023-01-12,122.559998,124.129997,117,123.559998,123.559998
2023-01-13,116.550003,122.629997,115.599998,122.400002,122.400002
2023-01-17,125.699997,131.699997,125.019997,131.490005,131.490005
2023-01-18,136.559998,136.679993,127.010002,128.779999,128.779999
2023-01-19,127.260002,129.990005,124.309998,127.169998,127.169998
2023-01-20,128.679993,133.509995,127.349998,133.419998,133.419998
2023-01-23,135.869995,145.380005,134.270004,143.75,143.75
2023-01-24,143,146.5,141.100006,143.889999,143.889999
2023-01-25,141.910004,146.410004,138.070007,144.429993,144.429993
2023-01-26,159.970001,161.419998,154.759995,160.270004,160.270004
2023-01-27,162.429993,180.679993,161.169998,177.899994,177.899994
2023-01-30,178.050003,179.770004,166.5,166.660004,166.660004
2023-01-31,164.570007,174.300003,162.779999,173.220001,173.220001
2023-02-01,173.889999,183.809998,169.929993,181.410004,181.410004
2023-02-02,187.330002,196.75,182.610001,188.270004,188.270004
2023-02-03,183.949997,199,183.690002,189.979996,189.979996
2023-02-06,193.009995,198.169998,189.919998,194.759995,194.759995
2023-02-07,196.429993,197.5,189.550003,196.809998,196.809998
2023-02-08,196.100006,203,194.309998,201.289993,201.289993
2023-02-09,207.779999,214,204.770004,207.320007,207.320007
2023-02-10,202.229996,206.199997,192.889999,196.889999,196.889999
2023-02-13,194.419998,196.300003,187.610001,194.639999,194.639999
2023-02-14,191.940002,209.820007,189.440002,209.25,209.25
2023-02-15,211.759995,214.660004,206.110001,214.240005,214.240005
2023-02-16,210.779999,217.649994,201.839996,202.039993,202.039993
2023-02-17,199.990005,208.440002,197.5,208.309998,208.309998
2023-02-21,204.990005,209.710007,197.220001,197.369995,197.369995
2023-02-22,197.929993,201.990005,191.779999,200.860001,200.860001
2023-02-23,203.910004,205.139999,196.330002,202.070007,202.070007
2023-02-24,196.330002,197.669998,192.800003,196.880005,196.880005
2023-02-27,202.029999,209.419998,201.259995,207.630005,207.630005
2023-02-28,210.589996,211.229996,203.75,205.710007,205.710007
2023-03-01,206.210007,207.199997,198.520004,202.770004,202.770004
2023-03-02,186.740005,193.75,186.009995,190.899994,190.899994
2023-03-03,194.800003,200.479996,192.880005,197.789993,197.789993
2023-03-06,198.539993,198.600006,192.300003,193.809998,193.809998
2023-03-07,191.380005,194.199997,186.100006,187.710007,187.710007
2023-03-08,185.039993,186.5,180,182,182
2023-03-09,180.25,185.179993,172.509995,172.919998,172.919998
2023-03-10,175.130005,178.289993,168.440002,173.440002,173.440002
2023-03-13,167.460007,177.350006,163.910004,174.479996,174.479996
2023-03-14,177.309998,183.800003,177.139999,183.259995,183.259995
2023-03-15,180.800003,182.339996,176.029999,180.449997,180.449997
2023-03-16,180.369995,185.809998,178.839996,184.130005,184.130005
2023-03-17,184.520004,186.220001,177.330002,180.130005,180.130005
2023-03-20,178.080002,186.440002,176.350006,183.25,183.25
2023-03-21,188.279999,198,188.039993,197.580002,197.580002
2023-03-22,199.300003,200.660004,190.949997,191.149994,191.149994
2023-03-23,195.259995,199.309998,188.649994,192.220001,192.220001
2023-03-24,191.649994,192.360001,187.149994,190.410004,190.410004
2023-03-27,194.419998,197.389999,189.940002,191.809998,191.809998
2023-03-28,192,192.350006,185.429993,189.190002,189.190002
2023-03-29,193.130005,195.289993,189.440002,193.880005,193.880005
2023-03-30,195.580002,197.330002,194.419998,195.279999,195.279999
2023-03-31,197.529999,207.789993,197.199997,207.460007,207.460007
2023-04-03,199.910004,202.690002,192.199997,194.770004,194.770004
2023-04-04,197.320007,198.740005,190.320007,192.580002,192.580002
2023-04-05,190.520004,190.679993,183.759995,185.520004,185.520004
2023-04-06,183.080002,186.389999,179.740005,185.059998,185.059998
2023-04-10,179.940002,185.100006,176.110001,184.509995,184.509995
2023-04-11,186.690002,189.190002,185.649994,186.789993,186.789993
2023-04-12,190.740005,191.580002,180.309998,180.539993,180.539993
2023-04-13,182.960007,186.5,180.940002,185.899994,185.899994
2023-04-14,183.949997,186.279999,182.009995,185,185
2023-04-17,186.320007,189.690002,182.690002,187.039993,187.039993
2023-04-18,187.149994,187.690002,183.580002,184.309998,184.309998
2023-04-19,179.100006,183.5,177.649994,180.589996,180.589996
2023-04-20,166.169998,169.699997,160.559998,162.990005,162.990005
2023-04-21,164.800003,166,161.320007,165.080002,165.080002
2023-04-24,164.649994,165.649994,158.610001,162.550003,162.550003
2023-04-25,159.820007,163.470001,158.75,160.669998,160.669998
2023-04-26,160.289993,160.669998,153.139999,153.75,153.75
2023-04-27,152.639999,160.479996,152.369995,160.190002,160.190002
2023-04-28,160.899994,165,157.320007,164.309998,164.309998
2023-05-01,163.169998,163.279999,158.830002,161.830002,161.830002
2023-05-02,161.880005,165.490005,158.929993,160.309998,160.309998
2023-05-03,160.009995,165,159.910004,160.610001,160.610001
2023-05-04,162.710007,162.949997,159.649994,161.199997,161.199997
2023-05-05,163.970001,170.789993,163.509995,170.059998,170.059998
2023-05-08,173.720001,173.800003,169.190002,171.789993,171.789993
2023-05-09,168.949997,169.820007,166.559998,169.149994,169.149994
2023-05-10,172.550003,174.429993,166.679993,168.539993,168.539993
2023-05-11,168.699997,173.570007,166.789993,172.080002,172.080002
2023-05-12,176.070007,177.380005,167.229996,167.979996,167.979996
2023-05-15,167.660004,169.759995,164.550003,166.350006,166.350006
2023-05-16,165.649994,169.520004,164.350006,166.520004,166.520004
2023-05-17,168.410004,174.5,167.190002,173.860001,173.860001
2023-05-18,174.220001,177.059998,172.449997,176.889999,176.889999
2023-05-19,177.169998,181.949997,176.309998,180.139999,180.139999
2023-05-22,180.699997,189.320007,180.110001,188.869995,188.869995
2023-05-23,186.199997,192.960007,185.259995,185.770004,185.770004
2023-05-24,182.229996,184.220001,178.220001,182.899994,182.899994
2023-05-25,186.539993,186.779999,180.580002,184.470001,184.470001
2023-05-26,184.619995,198.600006,184.529999,193.169998,193.169998
2023-05-30,200.100006,204.479996,197.529999,201.160004,201.160004
2023-05-31,199.779999,203.949997,195.119995,203.929993,203.929993
2023-06-01,202.589996,209.800003,199.369995,207.520004,207.520004
2023-06-02,210.149994,217.25,209.75,213.970001,213.970001
2023-06-05,217.800003,221.289993,214.520004,217.610001,217.610001
2023-06-06,216.139999,221.910004,212.529999,221.309998,221.309998
2023-06-07,228,230.830002,223.199997,224.570007,224.570007
2023-06-08,224.220001,235.229996,223.009995,234.860001,234.860001
2023-06-09,249.070007,252.419998,242.020004,244.399994,244.399994
2023-06-12,247.940002,250.970001,244.589996,249.830002,249.830002
2023-06-13,253.509995,259.679993,251.339996,258.709991,258.709991
2023-06-14,260.170013,261.570007,250.5,256.790009,256.790009
2023-06-15,248.399994,258.950012,247.289993,255.899994,255.899994
2023-06-16,258.920013,263.600006,257.209991,260.540009,260.540009
2023-06-20,261.5,274.75,261.119995,274.450012,274.450012
2023-06-21,275.130005,276.98999,257.779999,259.459991,259.459991
2023-06-22,250.770004,265,248.25,264.609985,264.609985
2023-06-23,259.290009,262.450012,252.800003,256.600006,256.600006
2023-06-26,250.070007,258.369995,240.699997,241.050003,241.050003
2023-06-27,243.240005,250.389999,240.850006,250.210007,250.210007
2023-06-28,249.699997,259.880005,248.889999,256.23999,256.23999
2023-06-29,258.029999,260.73999,253.610001,257.5,257.5
2023-06-30,260.600006,264.450012,259.890015,261.769989,261.769989
2023-07-03,276.48999,284.25,275.109985,279.820007,279.820007
2023-07-05,278.820007,283.850006,277.600006,282.480011,282.480011
2023-07-06,278.089996,279.970001,272.880005,276.540009,276.540009
2023-07-07,278.429993,280.779999,273.769989,274.429993,274.429993
2023-07-10,276.470001,277.519989,265.100006,269.609985,269.609985
2023-07-11,268.649994,270.899994,266.369995,269.790009,269.790009
2023-07-12,276.329987,276.519989,271.459991,271.98999,271.98999
2023-07-13,274.589996,279.450012,270.600006,277.899994,277.899994
2023-07-14,277.01001,285.299988,276.309998,281.380005,281.380005
2023-07-17,286.630005,292.230011,283.570007,290.380005,290.380005
2023-07-18,290.149994,295.26001,286.01001,293.339996,293.339996
2023-07-19,296.040009,299.290009,289.519989,291.26001,291.26001
2023-07-20,279.559998,280.929993,261.200012,262.899994,262.899994
2023-07-21,268,268,255.800003,260.019989,260.019989
2023-07-24,255.850006,269.850006,254.119995,269.059998,269.059998
2023-07-25,272.380005,272.899994,265,265.279999,265.279999
2023-07-26,263.25,268.040009,261.75,264.350006,264.350006
2023-07-27,268.309998,269.130005,255.300003,255.710007,255.710007
2023-07-28,259.859985,267.25,258.230011,266.440002,266.440002
2023-07-31,267.480011,269.079987,263.779999,267.429993,267.429993
2023-08-01,266.26001,266.470001,260.25,261.070007,261.070007
2023-08-02,255.570007,259.519989,250.490005,254.110001,254.110001
2023-08-03,252.039993,260.48999,252,259.320007,259.320007
2023-08-04,260.970001,264.769989,253.110001,253.860001,253.860001
2023-08-07,251.449997,253.649994,242.759995,251.449997,251.449997
2023-08-08,247.449997,250.919998,245.009995,249.699997,249.699997
2023-08-09,250.869995,251.100006,241.899994,242.190002,242.190002
2023-08-10,245.399994,251.800003,243,245.339996,245.339996
2023-08-11,241.770004,243.789993,238.020004,242.649994,242.649994
2023-08-14,235.699997,240.660004,233.75,239.759995,239.759995
2023-08-15,238.729996,240.5,232.610001,232.960007,232.960007
2023-08-16,228.020004,233.970001,225.380005,225.600006,225.600006
2023-08-17,226.059998,226.740005,218.830002,219.220001,219.220001
2023-08-18,214.119995,217.580002,212.360001,215.490005,215.490005
2023-08-21,221.550003,232.130005,220.580002,231.279999,231.279999
2023-08-22,240.25,240.820007,229.550003,233.190002,233.190002
2023-08-23,229.339996,238.979996,229.289993,236.860001,236.860001
2023-08-24,238.660004,238.919998,228.179993,230.039993,230.039993
2023-08-25,231.309998,239,230.350006,238.589996,238.589996
2023-08-28,242.580002,244.380005,235.350006,238.820007,238.820007
2023-08-29,238.580002,257.480011,237.770004,257.179993,257.179993
2023-08-30,254.199997,260.51001,250.589996,256.899994,256.899994
2023-08-31,255.979996,261.179993,255.050003,258.079987,258.079987
2023-09-01,257.26001,259.079987,242.009995,245.009995,245.009995
2023-09-05,245,258,244.860001,256.48999,256.48999
2023-09-06,255.139999,255.389999,245.059998,251.919998,251.919998
2023-09-07,245.070007,252.809998,243.270004,251.490005,251.490005
2023-09-08,251.220001,256.519989,246.669998,248.5,248.5
2023-09-11,264.269989,274.850006,260.609985,273.579987,273.579987
2023-09-12,270.76001,278.390015,266.600006,267.480011,267.480011
2023-09-13,270.070007,274.980011,268.100006,271.299988,271.299988
2023-09-14,271.320007,276.709991,270.420013,276.040009,276.040009
2023-09-15,277.549988,278.980011,271,274.390015,274.390015
2023-09-18,271.160004,271.440002,263.76001,265.279999,265.279999
2023-09-19,264.350006,267.850006,261.200012,266.5,266.5
2023-09-20,267.040009,273.929993,262.459991,262.589996,262.589996
2023-09-21,257.850006,260.859985,254.210007,255.699997,255.699997
2023-09-22,257.399994,257.790009,244.479996,244.880005,244.880005
2023-09-25,243.380005,247.100006,238.309998,246.990005,246.990005
2023-09-26,242.979996,249.550003,241.660004,244.119995,244.119995
2023-09-27,244.259995,245.330002,234.580002,240.5,240.5